dataset,subfolder,composition,source,elem1,count1,elem2,count2,natoms_from_file,x_Zr,a1_len_A,a2_len_A,a3_len_A,cell_volume_A3,volume_per_atom_A3,equiv_bcc_a_A
bcc_NbZr,Nb-Zr,Zr100Nb28,POSCAR,Nb,28,Zr,100,128,0.781250,14.001984,14.174332,14.183860,2814.988243,21.992096,3.529925
bcc_NbZr,Nb-Zr,Zr104Nb24,POSCAR,Nb,24,Zr,104,128,0.812500,14.024729,14.262430,14.173485,2835.031291,22.148682,3.538284
bcc_NbZr,Nb-Zr,Zr108Nb20,POSCAR,Nb,20,Zr,108,128,0.843750,14.180287,14.180302,14.228817,2860.867137,22.350525,3.548999
bcc_NbZr,Nb-Zr,Zr112Nb16,POSCAR,Nb,16,Zr,112,128,0.875000,14.247087,14.420927,14.035378,2883.441058,22.526883,3.558309
bcc_NbZr,Nb-Zr,Zr116Nb12,POSCAR,Nb,12,Zr,116,128,0.906250,13.895449,14.475233,14.491322,2911.210671,22.743833,3.569696
bcc_NbZr,Nb-Zr,Zr120Nb8,POSCAR,Nb,8,Zr,120,128,0.937500,14.042827,14.897701,14.027132,2933.368880,22.916944,3.578730
bcc_NbZr,Nb-Zr,Zr124Nb4,POSCAR,Nb,4,Zr,124,128,0.968750,14.008661,15.077436,14.011356,2957.727485,23.107246,3.588608
bcc_NbZr,Nb-Zr,Zr12Nb116,POSCAR,Nb,116,Zr,12,128,0.093750,13.323796,13.328580,13.315078,2358.063360,18.422370,3.327554
bcc_NbZr,Nb-Zr,Zr16Nb112,POSCAR,Nb,112,Zr,16,128,0.125000,13.347689,13.363858,13.359880,2377.077556,18.570918,3.336474
bcc_NbZr,Nb-Zr,Zr20Nb108,POSCAR,Nb,108,Zr,20,128,0.156250,13.425648,13.380573,13.369018,2395.324238,18.713471,3.344990
bcc_NbZr,Nb-Zr,Zr24Nb104,POSCAR,Nb,104,Zr,24,128,0.187500,13.424137,13.412434,13.429980,2417.931925,18.890093,3.355480
bcc_NbZr,Nb-Zr,Zr28Nb100,POSCAR,Nb,100,Zr,28,128,0.218750,13.442287,13.489407,13.439715,2436.980821,19.038913,3.364269
bcc_NbZr,Nb-Zr,Zr32Nb96,POSCAR,Nb,96,Zr,32,128,0.250000,13.461006,13.488079,13.526051,2455.817110,19.186071,3.372915
bcc_NbZr,Nb-Zr,Zr36Nb92,POSCAR,Nb,92,Zr,36,128,0.281250,13.559643,13.533174,13.474968,2472.640965,19.317508,3.380599
bcc_NbZr,Nb-Zr,Zr40Nb88,POSCAR,Nb,88,Zr,40,128,0.312500,13.615216,13.504372,13.551298,2491.520334,19.465003,3.389181
bcc_NbZr,Nb-Zr,Zr44Nb84,POSCAR,Nb,84,Zr,44,128,0.343750,13.573880,13.595874,13.610176,2511.652917,19.622288,3.398286
bcc_NbZr,Nb-Zr,Zr48Nb80,POSCAR,Nb,80,Zr,48,128,0.375000,13.637135,13.606800,13.626403,2528.418595,19.753270,3.405830
bcc_NbZr,Nb-Zr,Zr4Nb124,POSCAR,Nb,124,Zr,4,128,0.031250,13.255680,13.258870,13.255458,2323.231725,18.150248,3.311089
bcc_NbZr,Nb-Zr,Zr52Nb76,POSCAR,Nb,76,Zr,52,128,0.406250,13.700977,13.672250,13.626134,2552.396387,19.940597,3.416563
bcc_NbZr,Nb-Zr,Zr56Nb72,POSCAR,Nb,72,Zr,56,128,0.437500,13.776228,13.650356,13.662597,2569.229402,20.072105,3.424057
bcc_NbZr,Nb-Zr,Zr60Nb68,POSCAR,Nb,68,Zr,60,128,0.468750,13.754179,13.774993,13.689847,2593.696404,20.263253,3.434892
bcc_NbZr,Nb-Zr,Zr64Nb64,POSCAR,Nb,64,Zr,64,128,0.500000,13.824683,13.763773,13.735485,2613.569680,20.418513,3.443642
bcc_NbZr,Nb-Zr,Zr68Nb60,POSCAR,Nb,60,Zr,68,128,0.531250,13.796580,13.768341,13.880735,2636.602166,20.598454,3.453729
bcc_NbZr,Nb-Zr,Zr72Nb56,POSCAR,Nb,56,Zr,72,128,0.562500,13.910661,13.846055,13.776276,2653.343625,20.729247,3.461023
bcc_NbZr,Nb-Zr,Zr76Nb52,POSCAR,Nb,52,Zr,76,128,0.593750,13.866505,13.922120,13.870065,2677.481753,20.917826,3.471487
bcc_NbZr,Nb-Zr,Zr80Nb48,POSCAR,Nb,48,Zr,80,128,0.625000,13.936196,13.827209,14.021076,2701.829641,21.108044,3.481978
bcc_NbZr,Nb-Zr,Zr84Nb44,POSCAR,Nb,44,Zr,84,128,0.656250,13.934859,13.895872,14.042356,2719.090160,21.242892,3.489377
bcc_NbZr,Nb-Zr,Zr88Nb40,POSCAR,Nb,40,Zr,88,128,0.687500,13.990053,14.036531,13.989055,2747.004547,21.460973,3.501277
bcc_NbZr,Nb-Zr,Zr8Nb120,POSCAR,Nb,120,Zr,8,128,0.062500,13.297804,13.289633,13.281817,2340.648904,18.286320,3.319343
bcc_NbZr,Nb-Zr,Zr92Nb36,POSCAR,Nb,36,Zr,92,128,0.718750,13.984047,14.104720,14.021119,2765.501989,21.605484,3.509118
bcc_NbZr,Nb-Zr,Zr96Nb32,POSCAR,Nb,32,Zr,96,128,0.750000,13.876456,14.271363,14.087222,2789.665107,21.794259,3.519309
bcc_TaZr,Ta-Zr,Zr100Ta28,POSCAR,Ta,28,Zr,100,128,0.781250,14.061783,14.156423,14.197156,2826.070613,22.078677,3.534552
bcc_TaZr,Ta-Zr,Zr104Ta24,POSCAR,Ta,24,Zr,104,128,0.812500,14.145408,14.198584,14.181948,2845.997945,22.234359,3.542840
bcc_TaZr,Ta-Zr,Zr108Ta20,N0.OUTCAR:first_direct_lattice_vectors,Ta,20,Zr,108,128,0.843750,14.091607,14.287933,14.285222,2872.586242,22.442080,3.553839
bcc_TaZr,Ta-Zr,Zr112Ta16,POSCAR,Ta,16,Zr,112,128,0.875000,14.350258,14.045986,14.372825,2892.682263,22.599080,3.562107
bcc_TaZr,Ta-Zr,Zr116Ta12,POSCAR,Ta,12,Zr,116,128,0.906250,13.901772,14.503389,14.499279,2917.758841,22.794991,3.572370
bcc_TaZr,Ta-Zr,Zr120Ta8,N1.OUTCAR:first_direct_lattice_vectors,Ta,8,Zr,120,128,0.937500,15.185507,12.862616,15.175083,2956.760569,23.099692,3.588217
bcc_TaZr,Ta-Zr,Zr124Ta4,POSCAR,Ta,4,Zr,124,128,0.968750,14.008326,15.086347,14.008987,2958.831820,23.115874,3.589055
bcc_TaZr,Ta-Zr,Zr12Ta116,N0.OUTCAR:first_direct_lattice_vectors,Ta,116,Zr,12,128,0.093750,13.369085,13.383060,13.372529,2392.602449,18.692207,3.343722
bcc_TaZr,Ta-Zr,Zr16Ta112,POSCAR,Ta,112,Zr,16,128,0.125000,13.385438,13.416896,13.417778,2409.711582,18.825872,3.351673
bcc_TaZr,Ta-Zr,Zr20Ta108,POSCAR,Ta,108,Zr,20,128,0.156250,13.478981,13.430612,13.407903,2427.243336,18.962839,3.359782
bcc_TaZr,Ta-Zr,Zr24Ta104,POSCAR,Ta,104,Zr,24,128,0.187500,13.465797,13.461028,13.479348,2443.309292,19.088354,3.367179
bcc_TaZr,Ta-Zr,Zr28Ta100,POSCAR,Ta,100,Zr,28,128,0.218750,13.483962,13.554399,13.473320,2462.471669,19.238060,3.375958
bcc_TaZr,Ta-Zr,Zr32Ta96,POSCAR,Ta,96,Zr,32,128,0.250000,13.490428,13.532166,13.594357,2481.707215,19.388338,3.384726
bcc_TaZr,Ta-Zr,Zr36Ta92,POSCAR,Ta,92,Zr,36,128,0.281250,13.603062,13.603702,13.498810,2497.976906,19.515445,3.392107
bcc_TaZr,Ta-Zr,Zr40Ta88,POSCAR,Ta,88,Zr,40,128,0.312500,13.682801,13.554917,13.576375,2517.956542,19.671535,3.401126
bcc_TaZr,Ta-Zr,Zr44Ta84,POSCAR,Ta,84,Zr,44,128,0.343750,13.617252,13.653899,13.647772,2537.461671,19.823919,3.409886
bcc_TaZr,Ta-Zr,Zr48Ta80,POSCAR,Ta,80,Zr,48,128,0.375000,13.648893,13.672503,13.684534,2553.700611,19.950786,3.417144
bcc_TaZr,Ta-Zr,Zr4Ta124,POSCAR,Ta,124,Zr,4,128,0.031250,13.312505,13.311782,13.311781,2359.022732,18.429865,3.328006
bcc_TaZr,Ta-Zr,Zr52Ta76,N0.OUTCAR:first_direct_lattice_vectors,Ta,76,Zr,52,128,0.406250,13.718119,13.713592,13.666388,2570.983610,20.085809,3.424836
bcc_TaZr,Ta-Zr,Zr56Ta72,POSCAR,Ta,72,Zr,56,128,0.437500,13.814750,13.693526,13.702954,2592.138586,20.251083,3.434204
bcc_TaZr,Ta-Zr,Zr60Ta68,POSCAR,Ta,68,Zr,60,128,0.468750,13.770915,13.817076,13.748171,2615.915499,20.436840,3.444672
bcc_TaZr,Ta-Zr,Zr64Ta64,N0.OUTCAR:first_direct_lattice_vectors,Ta,64,Zr,64,128,0.500000,13.851587,13.794344,13.765666,2630.250686,20.548833,3.450953
bcc_TaZr,Ta-Zr,Zr68Ta60,N0.OUTCAR:first_direct_lattice_vectors,Ta,60,Zr,68,128,0.531250,13.825787,13.812795,13.890812,2652.716233,20.724346,3.460750
bcc_TaZr,Ta-Zr,Zr72Ta56,POSCAR,Ta,56,Zr,72,128,0.562500,13.943948,13.886045,13.811473,2674.241295,20.892510,3.470086
bcc_TaZr,Ta-Zr,Zr76Ta52,POSCAR,Ta,52,Zr,76,128,0.593750,13.881897,13.998709,13.882294,2697.655244,21.075432,3.480184
bcc_TaZr,Ta-Zr,Zr80Ta48,N0.OUTCAR:first_direct_lattice_vectors,Ta,48,Zr,80,128,0.625000,13.971804,13.841132,14.040485,2715.142975,21.212054,3.487688
bcc_TaZr,Ta-Zr,Zr84Ta44,POSCAR,Ta,44,Zr,84,128,0.656250,13.914714,13.944495,14.115604,2738.888922,21.397570,3.497826
bcc_TaZr,Ta-Zr,Zr88Ta40,N0.OUTCAR:first_direct_lattice_vectors,Ta,40,Zr,88,128,0.687500,14.026673,14.053508,13.983071,2756.382220,21.534236,3.505257
bcc_TaZr,Ta-Zr,Zr8Ta120,POSCAR,Ta,120,Zr,8,128,0.062500,13.350507,13.340815,13.336760,2375.365186,18.557541,3.335673
bcc_TaZr,Ta-Zr,Zr92Ta36,POSCAR,Ta,36,Zr,92,128,0.718750,14.005926,14.115568,14.058597,2779.314893,21.713398,3.514951
bcc_TaZr,Ta-Zr,Zr96Ta32,N0.OUTCAR:first_direct_lattice_vectors,Ta,32,Zr,96,128,0.750000,14.013048,14.186941,14.099686,2803.005004,21.898477,3.524909
bcc_VZr,V-Zr,Zr100V28,N0.OUTCAR:first_direct_lattice_vectors,V,28,Zr,100,128,0.781250,13.838436,13.887682,14.090143,2707.725379,21.154105,3.484509
bcc_VZr,V-Zr,Zr104V24,POSCAR,V,24,Zr,104,128,0.812500,14.018580,14.010111,13.976566,2744.677208,21.442791,3.500288
bcc_VZr,V-Zr,Zr108V20,POSCAR,V,20,Zr,108,128,0.843750,14.128674,13.935190,14.147388,2785.311698,21.760248,3.517477
bcc_VZr,V-Zr,Zr112V16,N0.OUTCAR:first_direct_lattice_vectors,V,16,Zr,112,128,0.875000,14.038264,14.123447,14.182661,2811.933825,21.968233,3.528648
bcc_VZr,V-Zr,Zr116V12,N0.OUTCAR:first_direct_lattice_vectors,V,12,Zr,116,128,0.906250,14.330194,14.167283,14.035133,2849.360602,22.260630,3.544235
bcc_VZr,V-Zr,Zr120V8,POSCAR,V,8,Zr,120,128,0.937500,14.321200,14.368619,14.104560,2902.325112,22.674415,3.566060
bcc_VZr,V-Zr,Zr124V4,POSCAR,V,4,Zr,124,128,0.968750,14.560982,14.268495,14.154347,2939.984457,22.968629,3.581418
bcc_VZr,V-Zr,Zr12V116,POSCAR,V,116,Zr,12,128,0.093750,12.183150,12.249494,12.234969,1825.819011,14.264211,3.055572
bcc_VZr,V-Zr,Zr16V112,OUTCAR:first_direct_lattice_vectors,V,112,Zr,16,128,0.125000,12.303364,12.292928,12.336443,1865.776120,14.576376,3.077702
bcc_VZr,V-Zr,Zr20V108,POSCAR,V,108,Zr,20,128,0.156250,12.375000,12.468945,12.345659,1904.907934,14.882093,3.099070
bcc_VZr,V-Zr,Zr24V104,OUTCAR:first_direct_lattice_vectors,V,104,Zr,24,128,0.187500,12.472962,12.402641,12.562133,1943.302798,15.182053,3.119753
bcc_VZr,V-Zr,Zr28V100,POSCAR,V,100,Zr,28,128,0.218750,12.601217,12.543621,12.575953,1987.606216,15.528174,3.143283
bcc_VZr,V-Zr,Zr32V96,POSCAR,V,96,Zr,32,128,0.250000,12.568000,12.689935,12.719798,2028.130289,15.844768,3.164501
bcc_VZr,V-Zr,Zr36V92,POSCAR,V,92,Zr,36,128,0.281250,12.780438,12.708701,12.743987,2069.823046,16.170493,3.186039
bcc_VZr,V-Zr,Zr40V88,POSCAR,V,88,Zr,40,128,0.312500,12.804732,12.864024,12.831801,2113.447315,16.511307,3.208267
bcc_VZr,V-Zr,Zr44V84,POSCAR,V,84,Zr,44,128,0.343750,12.852871,12.940109,12.923647,2147.692418,16.778847,3.225502
bcc_VZr,V-Zr,Zr48V80,POSCAR,V,80,Zr,48,128,0.375000,13.003133,13.016135,12.971954,2195.065158,17.148947,3.249046
bcc_VZr,V-Zr,Zr4V124,POSCAR,V,124,Zr,4,128,0.031250,12.041221,12.063098,12.045997,1749.721641,13.669700,3.012518
bcc_VZr,V-Zr,Zr52V76,POSCAR,V,76,Zr,52,128,0.406250,13.161983,13.129952,12.935902,2235.212254,17.462596,3.268734
bcc_VZr,V-Zr,Zr56V72,POSCAR,V,72,Zr,56,128,0.437500,12.932092,13.326504,13.204883,2275.036185,17.773720,3.288033
bcc_VZr,V-Zr,Zr60V68,POSCAR,V,68,Zr,60,128,0.468750,13.226541,13.205702,13.234296,2310.957864,18.054358,3.305248
bcc_VZr,V-Zr,Zr64V64,POSCAR,V,64,Zr,64,128,0.500000,13.107187,13.491812,13.281427,2348.670933,18.348992,3.323131
bcc_VZr,V-Zr,Zr68V60,N0.OUTCAR:first_direct_lattice_vectors,V,60,Zr,68,128,0.531250,13.361957,13.440329,13.357944,2398.683674,18.739716,3.346553
bcc_VZr,V-Zr,Zr72V56,POSCAR,V,56,Zr,72,128,0.562500,13.385742,13.483022,13.469977,2430.965498,18.991918,3.361499
bcc_VZr,V-Zr,Zr76V52,POSCAR,V,52,Zr,76,128,0.593750,13.332504,13.494371,13.722443,2468.387860,19.284280,3.378660
bcc_VZr,V-Zr,Zr80V48,POSCAR,V,48,Zr,80,128,0.625000,13.620877,13.548578,13.578361,2505.705513,19.575824,3.395601
bcc_VZr,V-Zr,Zr84V44,N0.OUTCAR:first_direct_lattice_vectors,V,44,Zr,84,128,0.656250,13.672907,13.676609,13.619716,2546.574011,19.895109,3.413963
bcc_VZr,V-Zr,Zr88V40,POSCAR,V,40,Zr,88,128,0.687500,13.661552,13.698547,13.819888,2586.205972,20.204734,3.431582
bcc_VZr,V-Zr,Zr8V120,POSCAR,V,120,Zr,8,128,0.062500,12.131207,12.128948,12.141530,1786.476008,13.956844,3.033466
bcc_VZr,V-Zr,Zr92V36,POSCAR,V,36,Zr,92,128,0.718750,13.805849,13.778237,13.845352,2633.268950,20.572414,3.452273
bcc_VZr,V-Zr,Zr96V32,POSCAR,V,32,Zr,96,128,0.750000,14.020530,13.731065,13.838534,2664.059784,20.812967,3.465676
