dataset,type,name,ratio,l1,l2,l3
bcc_HfNb,pure,Hf128,1.5793903075125584,12.808487289889234,12.80848725729682,20.22960062807271
bcc_HfNb,pure,Nb128,1.6730471981308368,11.330530735342348,11.330532066088399,18.956512700099847
bcc_HfNb,alloy,Hf100Nb28,1.593027319971073,12.29823333663126,13.742848061500705,19.5914216926326
bcc_HfNb,alloy,Hf104Nb24,1.6066644951556521,12.454871706734759,12.445637647488649,19.99596412779253
bcc_HfNb,alloy,Hf108Nb20,1.5942666306448348,12.979856803350811,12.558313819812566,20.021300660093043
bcc_HfNb,alloy,Hf112Nb16,1.5964580976919118,12.595100098204279,12.90854533469442,20.107549543018415
bcc_HfNb,alloy,Hf116Nb12,1.5826183413340882,12.752834734780196,12.73741425565731,20.158465422173542
bcc_HfNb,alloy,Hf120Nb8,1.5823116983728376,12.747400745922091,12.806976737403419,20.17036132411916
bcc_HfNb,alloy,Hf124Nb4,1.581124724409126,12.786255093035024,12.78169124449788,20.20944804643925
bcc_HfNb,alloy,Hf12Nb116,1.6606909866756132,13.269064316955587,11.379048971269341,18.897084063527405
bcc_HfNb,alloy,Hf16Nb112,1.665488960311497,11.612709139769612,11.386727397340442,18.964468774346972
bcc_HfNb,alloy,Hf20Nb108,1.6464675800779762,13.33818195652494,11.493373872345513,18.923467466532156
bcc_HfNb,alloy,Hf24Nb104,1.934488666093325,13.380564863631198,11.491332502520088,22.229852484434954
bcc_HfNb,alloy,Hf28Nb100,1.6524453041483502,11.537744589965405,13.385590925410511,19.065491868151366
bcc_HfNb,alloy,Hf32Nb96,1.6296193454483332,13.422436320937086,11.654720761427205,18.992758418620102
bcc_HfNb,alloy,Hf36Nb92,1.63706478826409,11.668663663423306,11.667300230577458,19.100126381583856
bcc_HfNb,alloy,Hf40Nb88,1.6403149379254442,13.49034772315934,11.692198718422969,19.17888821502193
bcc_HfNb,alloy,Hf44Nb84,1.6319615950134263,11.709031712334802,11.803944304053408,19.108690069324695
bcc_HfNb,alloy,Hf48Nb80,1.6202371576795849,11.790695299638035,11.81317216989935,19.10372263935157
bcc_HfNb,alloy,Hf4Nb124,1.6615440820012604,11.383885451547343,11.38920751138608,18.914827502198733
bcc_HfNb,alloy,Hf52Nb76,1.62568474086146,11.797382765372577,11.809603434274578,19.178825143768172
bcc_HfNb,alloy,Hf56Nb72,1.6264243507651315,11.82575524723758,11.85912507758171,19.23369630029573
bcc_HfNb,alloy,Hf60Nb68,1.6286246918722949,13.646187054861702,11.868990863006188,19.330131587098535
bcc_HfNb,alloy,Hf64Nb64,1.6271352594000958,13.741468063943001,11.916757241326804,19.39017588507426
bcc_HfNb,alloy,Hf68Nb60,1.6314923157006258,11.903457105672711,13.657243850957592,19.42039879817704
bcc_HfNb,alloy,Hf72Nb56,1.6278094056709589,11.967330380967768,13.689566541173889,19.48053295491115
bcc_HfNb,alloy,Hf76Nb52,1.6416496532572118,13.754971787320812,11.948233030432466,19.61481261144582
bcc_HfNb,alloy,Hf80Nb48,1.6121960081602817,12.056539065125508,12.039699200043234,19.41035498976024
bcc_HfNb,alloy,Hf84Nb44,1.6140632053098332,13.999260770376292,12.08563160694911,19.50697328970611
bcc_HfNb,alloy,Hf88Nb40,1.632624513600856,12.017581987904515,13.968007787357593,19.620198947661017
bcc_HfNb,alloy,Hf8Nb120,1.6681096944510372,11.32717324968842,13.232539117470587,18.89496750853171
bcc_HfNb,alloy,Hf92Nb36,1.607868291567187,12.174033449813443,12.210308272773416,19.574242364433328
bcc_HfNb,alloy,Hf96Nb32,1.6282593509597854,14.159857857062502,12.030070245087865,19.588074369267392
bcc_HfTa,pure,Hf128,1.5794029177299655,12.808687306922394,12.808687140783519,20.23007784244378
bcc_HfTa,pure,Ta128,1.6276470401624865,12.261242088440977,12.261073665748558,19.956700261269848
bcc_HfTa,alloy,Hf100Ta28,1.6008448780978035,12.403235562738413,13.176334335886954,19.855656122450316
bcc_HfTa,alloy,Hf104Ta24,1.6028407186535758,12.687440885238884,12.513963468785256,20.057890199512354
bcc_HfTa,alloy,Hf108Ta20,1.5873093706037582,12.821957281882305,12.645773501825767,20.07275477798074
bcc_HfTa,alloy,Hf112Ta16,1.5871589035873706,12.703306298546819,12.741586923585094,20.162165696736107
bcc_HfTa,alloy,Hf116Ta12,1.5851733881222805,12.712050010563111,12.75008293957578,20.150803385224197
bcc_HfTa,alloy,Hf120Ta8,1.583370175080132,12.743749961288971,12.782915621411416,20.178073607383542
bcc_HfTa,alloy,Hf12Ta116,1.788990676978299,11.65862497112507,12.002830043253969,20.85717137972914
bcc_HfTa,alloy,Hf16Ta112,1.7865520262421648,11.684491169952723,12.019916081398623,20.874951375287722
bcc_HfTa,alloy,Hf20Ta108,1.624978833068286,13.41910018677234,11.673159493632664,18.96863709218319
bcc_HfTa,alloy,Hf24Ta104,1.784951398289638,11.732906572419337,12.03990406065946,20.942667992441578
bcc_HfTa,alloy,Hf28Ta100,1.6256824725525378,13.484814775343636,11.716751869555093,19.047718149582895
bcc_HfTa,alloy,Hf32Ta96,1.6263723278795161,13.49098412239789,11.752605932206357,19.114113068613065
bcc_HfTa,alloy,Hf36Ta92,1.6263137253306645,13.52649598835824,11.768800309405405,19.139761473861782
bcc_HfTa,alloy,Hf40Ta88,1.623630779545136,13.572567787167388,11.81557186696327,19.18412616112915
bcc_HfTa,alloy,Hf44Ta84,1.6116809793313898,12.136463627440852,11.845343243859377,19.09091439977974
bcc_HfTa,alloy,Hf48Ta80,1.6283370910526556,11.809475734896731,11.831549838164896,19.229807365018665
bcc_HfTa,alloy,Hf4Ta124,1.6274542493332116,13.334253698398316,11.560636312988308,18.814406692568653
bcc_HfTa,alloy,Hf52Ta76,1.6185525042901423,11.859183107911766,11.868008332608165,19.194710518145943
bcc_HfTa,alloy,Hf56Ta72,1.6351073854027103,11.850921865943889,11.853550414445445,19.37752986683532
bcc_HfTa,alloy,Hf60Ta68,1.6255581623587545,11.892339991339764,11.881689867899912,19.314377947380013
bcc_HfTa,alloy,Hf64Ta64,1.6166423258376335,13.785837415021158,11.979603607574756,19.366734238762557
bcc_HfTa,alloy,Hf68Ta60,1.6297824404985632,11.952219554145596,13.714598142553095,19.47951755433006
bcc_HfTa,alloy,Hf72Ta56,1.6328226697293835,13.850006936496152,11.969566602514528,19.544179695421438
bcc_HfTa,alloy,Hf76Ta52,1.6245974842215705,13.779106137292533,12.056467484335274,19.586906743650253
bcc_HfTa,alloy,Hf80Ta48,1.5745512637897934,12.175844337965959,12.179165525934216,19.1714910900521
bcc_HfTa,alloy,Hf84Ta44,1.594806752146749,13.98881814689653,12.136218009896359,19.354922427707695
bcc_HfTa,alloy,Hf88Ta40,1.5789051651764157,13.842119388756576,12.234163657338073,19.31658419018467
bcc_HfTa,alloy,Hf8Ta120,1.7891630130301226,11.632922886260436,11.994236837815365,20.81319536152879
bcc_HfTa,alloy,Hf92Ta36,1.5751610320258937,12.31324302019677,12.295747784436976,19.367782769663844
bcc_HfTa,alloy,Hf96Ta32,1.5849267925821864,13.478781453929317,12.363005209870582,19.594458193957042
bcc_HfTi,pure,Hf128,1.579437855268728,12.808237331527618,12.808237276901508,20.229814814402292
bcc_HfTi,pure,Ti128,1.5820881026781688,11.735337429498374,11.735337297284936,18.566337518949872
bcc_HfTi,alloy,Hf100Ti28,1.5781789003416415,12.614485544541289,12.603088814495502,19.889928846168555
bcc_HfTi,alloy,Hf104Ti24,1.5781191215062156,12.631746080630082,12.643482745262297,19.934400027853528
bcc_HfTi,alloy,Hf108Ti20,1.5786404654552806,12.665735720124133,12.663334493462468,19.9908522589755
bcc_HfTi,alloy,Hf112Ti16,1.5790287488219066,12.69474787159497,12.69953293485725,20.045371848294167
bcc_HfTi,alloy,Hf116Ti12,1.5779866671561127,12.726928213717615,12.731889709490432,20.08292303509936
bcc_HfTi,alloy,Hf120Ti8,1.5788316746898834,12.754738250012089,12.754150851977256,20.136657348874653
bcc_HfTi,alloy,Hf124Ti4,1.578576767909853,12.786322099627123,12.784953561919554,20.182030671652534
bcc_HfTi,alloy,Hf12Ti116,1.5805782064699676,11.851711834063776,11.854953371733588,18.732557434283414
bcc_HfTi,alloy,Hf16Ti112,1.5791776307728753,11.904965071705135,11.885724689637705,18.76967055540074
bcc_HfTi,alloy,Hf20Ti108,1.5771100474567152,11.933626934336612,11.94154617593186,18.82064294074235
bcc_HfTi,alloy,Hf24Ti104,1.5781460056424288,11.990223798061175,11.960051802382822,18.87470797920698
bcc_HfTi,alloy,Hf28Ti100,1.5805950730948661,11.987709867337104,12.027760342719139,18.94771515400374
bcc_HfTi,alloy,Hf32Ti96,1.5777521819634421,12.050230499042252,12.040014394285343,18.99615898145495
bcc_HfTi,alloy,Hf36Ti92,1.5784989616970477,12.070903782907136,12.088124835333357,19.05390908806388
bcc_HfTi,alloy,Hf40Ti88,1.5764734292273448,12.10547420983755,12.123623251258312,19.083958440005784
bcc_HfTi,alloy,Hf44Ti84,1.5786885542306852,12.126697465898646,12.181315543746837,19.14427849003245
bcc_HfTi,alloy,Hf48Ti80,1.5792803887989282,12.176897530302933,12.183221178555407,19.230735466021525
bcc_HfTi,alloy,Hf4Ti124,1.5812974028520463,11.774788439522203,11.777073214637776,18.619442378548758
bcc_HfTi,alloy,Hf52Ti76,1.5790725202007012,12.245343691446836,12.198067080917683,19.261632527041897
bcc_HfTi,alloy,Hf56Ti72,1.5777773930334782,12.2393339728233,12.281851815016456,19.31094444810723
bcc_HfTi,alloy,Hf60Ti68,1.5790174077912291,12.276851237749005,12.30170068267253,19.385361817268976
bcc_HfTi,alloy,Hf64Ti64,1.5758192168266318,12.316486006694532,12.344901075554203,19.40855533312555
bcc_HfTi,alloy,Hf68Ti60,1.5779755727685096,12.33903760107157,12.380353377361688,19.47069992596309
bcc_HfTi,alloy,Hf72Ti56,1.5783342189445704,12.376038635853387,12.404392156810923,19.533525273947483
bcc_HfTi,alloy,Hf76Ti52,1.5759698436684972,12.436047950453235,12.416942499289595,19.568726929446143
bcc_HfTi,alloy,Hf80Ti48,1.5776967687952468,12.442715287406898,12.454949016866859,19.630831703981084
bcc_HfTi,alloy,Hf84Ti44,1.5775921478136674,12.484408922462285,12.484695572141938,19.69530548617139
bcc_HfTi,alloy,Hf88Ti40,1.5766768810643397,12.514657311785934,12.5135569061612,19.72983587382737
bcc_HfTi,alloy,Hf8Ti120,1.5816658711891118,11.81403088642348,11.807971423589388,18.676265408667646
bcc_HfTi,alloy,Hf92Ti36,1.5787460635917556,12.536537170646056,12.553055469431136,19.792008709229187
bcc_HfTi,alloy,Hf96Ti32,1.5776211357281031,12.574307001438292,12.573560739351219,19.83631517376156
bcc_NbTa,pure,Nb128,1.0000000320019171,13.226313711263359,13.226314134530755,13.226313935916403
bcc_NbTa,pure,Ta128,1.000000014991033,13.28013547913864,13.280135678221589,13.280135569363521
bcc_NbTa,alloy,Ta100Nb28,1.0001072976175054,13.268944448640626,13.268104117266596,13.269527753227191
bcc_NbTa,alloy,Ta104Nb24,1.0000877186481096,13.26944705428386,13.270611032240623,13.27041854280256
bcc_NbTa,alloy,Ta108Nb20,1.0000718006347897,13.27142991465101,13.271239896130574,13.270477085972276
bcc_NbTa,alloy,Ta112Nb16,1.0000620519000016,13.273289607992648,13.272466026258012,13.272936508229986
bcc_NbTa,alloy,Ta116Nb12,1.0000375533931074,13.274011481329515,13.274509965500785,13.274108595466863
bcc_NbTa,alloy,Ta120Nb8,1.000084940740073,13.274912445244768,13.275902479725064,13.274774910519861
bcc_NbTa,alloy,Ta124Nb4,1.0000157354824144,13.27662854214782,13.276837456302767,13.276802652190689
bcc_NbTa,alloy,Ta12Nb116,1.0002319623526783,13.234451050329072,13.233268670625563,13.236338290760026
bcc_NbTa,alloy,Ta16Nb112,1.0002564212292204,13.235437931910138,13.235727857735785,13.238831779173909
bcc_NbTa,alloy,Ta20Nb108,1.0001483066169305,13.240289631066265,13.238326299678937,13.238969588072688
bcc_NbTa,alloy,Ta24Nb104,1.0001403791331522,13.239611719219386,13.241470284435803,13.240860536168679
bcc_NbTa,alloy,Ta28Nb100,1.0001923552446979,13.242418595456945,13.244965844126265,13.243351416309624
bcc_NbTa,alloy,Ta32Nb96,1.0002472166017236,13.246563650763509,13.243289689690783,13.245659382569624
bcc_NbTa,alloy,Ta36Nb92,1.0002217168600493,13.245261716352502,13.248198414190783,13.246902946500931
bcc_NbTa,alloy,Ta40Nb88,1.0003173438273982,13.251138010097986,13.246934177304867,13.247942291953507
bcc_NbTa,alloy,Ta44Nb84,1.0001062901493603,13.250263714313359,13.251387849185386,13.24997950688458
bcc_NbTa,alloy,Ta48Nb80,1.000101485312939,13.25060519291272,13.251949934727357,13.251524844980734
bcc_NbTa,alloy,Ta4Nb124,1.0000553272566284,13.228570705944636,13.228097298111114,13.228829172445034
bcc_NbTa,alloy,Ta52Nb76,1.0002038548000325,13.253391739269443,13.251978887227374,13.254680366733464
bcc_NbTa,alloy,Ta56Nb72,1.0002295879846794,13.253281152519962,13.254242110390022,13.25632394663016
bcc_NbTa,alloy,Ta60Nb68,1.0002046390214478,13.256434635316502,13.254080716809058,13.256793018917136
bcc_NbTa,alloy,Ta64Nb64,1.0001525222072298,13.256716164148617,13.256763141737325,13.258738107758592
bcc_NbTa,alloy,Ta68Nb60,1.0000921328525771,13.258462543273941,13.258554666099338,13.257333230171277
bcc_NbTa,alloy,Ta72Nb56,1.000115389299771,13.259520837403027,13.26091983526105,13.259389843551611
bcc_NbTa,alloy,Ta76Nb52,1.0002114140179987,13.259082220691752,13.260392325078568,13.261885376539006
bcc_NbTa,alloy,Ta80Nb48,1.0001731865244914,13.26130110176177,13.262453267919131,13.263597780409818
bcc_NbTa,alloy,Ta84Nb44,1.000100402583603,13.263689363729414,13.26474049765825,13.263408817145624
bcc_NbTa,alloy,Ta88Nb40,1.0000989655468635,13.26412858435985,13.26544127609887,13.265067408278611
bcc_NbTa,alloy,Ta8Nb120,1.0001729811693485,13.231684011703978,13.231412766562302,13.233701551814795
bcc_NbTa,alloy,Ta92Nb36,1.0001354562866895,13.267549328791477,13.265752399231335,13.265915464598379
bcc_NbTa,alloy,Ta96Nb32,1.0001221468254662,13.268498539537791,13.266878032502273,13.266880379984368
bcc_NbTi,pure,Nb128,1.562650955473509,11.644883854503647,11.644828333590826,18.196802121810695
bcc_NbTi,pure,Ti128,1.5821824870704828,11.735271786408264,11.735271505371665,18.56734105681631
bcc_NbTi,alloy,Nb100Ti28,1.6497843977233835,13.126198006129004,11.298818841218104,18.640615036944627
bcc_NbTi,alloy,Nb104Ti24,1.656531028536148,11.292283492473494,13.141814620879192,18.706017988308883
bcc_NbTi,alloy,Nb108Ti20,1.6575003337518668,11.289874101545331,13.148613317334654,18.712970091327943
bcc_NbTi,alloy,Nb112Ti16,1.6550344164076531,13.147008697736311,11.302109268819306,18.70537981789589
bcc_NbTi,alloy,Nb116Ti12,1.68457794982769,11.425099308488866,11.230031874596675,18.917864071807678
bcc_NbTi,alloy,Nb120Ti8,1.66804979490179,13.149258109276968,11.265083502368178,18.79072022567678
bcc_NbTi,alloy,Nb124Ti4,1.6692434896401476,11.383729190236707,11.312691486705868,18.88363661449129
bcc_NbTi,alloy,Nb12Ti116,1.6009542068139202,11.999821878897913,11.613228498479463,18.592247019332003
bcc_NbTi,alloy,Nb16Ti112,1.5937919728958683,11.589854227137947,12.180492388946847,18.471816634245705
bcc_NbTi,alloy,Nb20Ti108,1.6015667235147781,11.53171700063687,12.273258159908805,18.468814213209658
bcc_NbTi,alloy,Nb24Ti104,1.5846923456821282,11.534324652646005,12.591796655235278,18.278355989660795
bcc_NbTi,alloy,Nb28Ti100,1.57034939982246,11.538277431053924,11.537882412397334,18.11850672153027
bcc_NbTi,alloy,Nb32Ti96,1.5814068345809984,11.531964853671616,11.514657942765954,18.20935876855246
bcc_NbTi,alloy,Nb36Ti92,1.5836133296851507,11.479543625308459,13.01145598890203,18.179158303740675
bcc_NbTi,alloy,Nb40Ti88,1.605317181502159,12.93813389996742,11.434381424750367,18.3558089610009
bcc_NbTi,alloy,Nb44Ti84,1.6222428856947595,13.015102953731404,11.382723260786861,18.46554182964374
bcc_NbTi,alloy,Nb48Ti80,1.5951497369965035,13.098749479832499,11.446279935582195,18.258530428832294
bcc_NbTi,alloy,Nb4Ti124,1.5873656655521697,11.73460289339522,11.72934795483413,18.61876422281826
bcc_NbTi,alloy,Nb52Ti76,1.6260798730889998,11.369078231257218,11.337532489269165,18.435733391293216
bcc_NbTi,alloy,Nb56Ti72,1.622208650057346,13.039616086794641,11.384614078459947,18.468219435642368
bcc_NbTi,alloy,Nb60Ti68,1.6206779020242437,11.36715816043323,11.37874866101288,18.422502039428686
bcc_NbTi,alloy,Nb64Ti64,1.6263019753552292,11.364701399565412,11.379754759732437,18.48243633543557
bcc_NbTi,alloy,Nb68Ti60,1.633217321849912,13.10167494630597,11.343245714071415,18.52598538622121
bcc_NbTi,alloy,Nb72Ti56,1.642767606674941,11.364319043674566,11.308037829665661,18.57647824162955
bcc_NbTi,alloy,Nb76Ti52,1.636567237605376,11.349070963448819,13.100797311968217,18.573517716038815
bcc_NbTi,alloy,Nb80Ti48,1.6382203786202187,13.108368813720388,11.342352546883577,18.581273083799616
bcc_NbTi,alloy,Nb84Ti44,1.6373238991348171,11.348386058748735,11.37550112475703,18.58098371059768
bcc_NbTi,alloy,Nb88Ti40,1.6451606160108616,11.328774430567323,11.376956847345433,18.637653520840235
bcc_NbTi,alloy,Nb8Ti120,1.5919820930837725,11.760171779318929,11.728643808847242,18.67179091984266
bcc_NbTi,alloy,Nb92Ti36,1.6462675514935305,13.132132358902297,11.31032700569921,18.61982434626359
bcc_NbTi,alloy,Nb96Ti32,1.6355978446649393,13.133322691203611,11.354536844865642,18.571455990630884
bcc_NbV,pure,Nb128,1.0000000320019171,13.226313711263359,13.226314134530755,13.226313935916403
bcc_NbV,pure,V128,1.0000000908556996,11.960290175390423,11.960291262050955,11.960290789400844
bcc_NbV,alloy,Nb100V28,1.0011365247777264,12.98459831136521,12.987554355673662,12.9993556290749
bcc_NbV,alloy,Nb104V24,1.000667676778185,13.022721642788815,13.018897976063275,13.027590391919453
bcc_NbV,alloy,Nb108V20,1.0008108854046027,13.061494921089743,13.053338912424008,13.063923674429425
bcc_NbV,alloy,Nb112V16,1.001153880348884,13.085208763919391,13.095697340756441,13.100307529173122
bcc_NbV,alloy,Nb116V12,1.000378776077852,13.125588690255924,13.130560349259516,13.127603230243775
bcc_NbV,alloy,Nb120V8,1.0003272313526281,13.158873840282062,13.154569252792232,13.157545040371797
bcc_NbV,alloy,Nb124V4,1.000449196982348,13.186245568361874,13.186265062222484,13.19216879007968
bcc_NbV,alloy,Nb12V116,1.0007809671385206,12.09462766711889,12.099668652576286,12.104073173879554
bcc_NbV,alloy,Nb16V112,1.0002967213092495,12.145472681927394,12.144647533318839,12.141869930384912
bcc_NbV,alloy,Nb20V108,1.000165523402174,12.187803820581324,12.188735412103382,12.189821187334736
bcc_NbV,alloy,Nb24V104,1.0011747430908622,12.239807330939044,12.225445573219194,12.236649377372611
bcc_NbV,alloy,Nb28V100,1.0006390646546173,12.276272315891365,12.283072608140998,12.275227943834723
bcc_NbV,alloy,Nb32V96,1.0008612019164,12.329757591452635,12.319148317313347,12.319541389803303
bcc_NbV,alloy,Nb36V92,1.002337107138284,12.352197342816398,12.381065751399788,12.368034040141147
bcc_NbV,alloy,Nb40V88,1.0006242400678367,12.404128530325814,12.411871684361039,12.408614591204298
bcc_NbV,alloy,Nb44V84,1.0015869584976786,12.462710888103844,12.44296441998124,12.448080705060676
bcc_NbV,alloy,Nb48V80,1.0031762897599215,12.512037312743715,12.488745341230729,12.472421288722916
bcc_NbV,alloy,Nb4V124,1.0003048526410083,12.007549425478565,12.00389000790728,12.007262193407033
bcc_NbV,alloy,Nb52V76,1.0012148544609258,12.539857753498103,12.536905524911651,12.524642136127527
bcc_NbV,alloy,Nb56V72,1.000685016653615,12.57964165606797,12.571030290965561,12.572886709577409
bcc_NbV,alloy,Nb60V68,1.001424277428873,12.622331524270466,12.621865293338427,12.604379391198629
bcc_NbV,alloy,Nb64V64,1.001753289455224,12.656721533030328,12.644376191330053,12.666545442774195
bcc_NbV,alloy,Nb68V60,1.0008219279931885,12.699741123072023,12.694713735198079,12.689311422799337
bcc_NbV,alloy,Nb72V56,1.0017749708483663,12.727318570795786,12.749263009503114,12.726673534981845
bcc_NbV,alloy,Nb76V52,1.000275643694027,12.772931792462675,12.77221142887614,12.77573200841529
bcc_NbV,alloy,Nb80V48,1.001526939304354,12.821962770803305,12.802933142145458,12.80241426127714
bcc_NbV,alloy,Nb84V44,1.0007741675409012,12.849907213525137,12.839966927903308,12.840415542043123
bcc_NbV,alloy,Nb88V40,1.0006198063006324,12.883773152150658,12.88492432906366,12.876943118585874
bcc_NbV,alloy,Nb8V120,1.000638633986078,12.050222086944299,12.051551820085855,12.057917768308808
bcc_NbV,alloy,Nb92V36,1.0008748833753898,12.925634179785977,12.918799847729243,12.914335642228389
bcc_NbV,alloy,Nb96V32,1.0007813098086271,12.9495916410002,12.956074369108418,12.95970928396703
bcc_NbZr,pure,Nb128,1.0000000093492087,13.228075389885888,13.22807526621385,13.228075294052912
bcc_NbZr,pure,Zr128,1.0000000338397124,13.283759688177996,13.283759238659405,13.283759446795614
bcc_NbZr,alloy,Zr100Nb28,1.0129893003740789,14.001984078242842,14.174331644754906,14.183860055268209
bcc_NbZr,alloy,Zr104Nb24,1.01694872490526,14.02472901788786,14.26243029188286,14.173485041957447
bcc_NbZr,alloy,Zr108Nb20,1.0034223717430488,14.180286558477794,14.180302326101643,14.228816770503864
bcc_NbZr,alloy,Zr112Nb16,1.0274697484652904,14.24708684091042,14.420926813801469,14.03537849687711
bcc_NbZr,alloy,Zr116Nb12,1.0428826059009333,13.895449129405119,14.475233030593541,14.491322198237865
bcc_NbZr,alloy,Zr120Nb8,1.0620632454326198,14.042826776448909,14.897701414597982,14.027132073975094
bcc_NbZr,alloy,Zr124Nb4,1.0762938241561926,14.008661398704302,15.07743574812069,14.01135648330007
bcc_NbZr,alloy,Zr12Nb116,1.0010140052109509,13.323795898816005,13.328579806958034,13.315078248230112
bcc_NbZr,alloy,Zr16Nb112,1.001211383547388,13.347688776139416,13.363857946718486,13.359880188856142
bcc_NbZr,alloy,Zr20Nb108,1.0042358753205542,13.425647782249955,13.380573116405156,13.369018287625364
bcc_NbZr,alloy,Zr24Nb104,1.0013081340812944,13.424137202716249,13.412434465749016,13.42997972838679
bcc_NbZr,alloy,Zr28Nb100,1.0036974096692526,13.442287036218591,13.489407106998614,13.439714974898427
bcc_NbZr,alloy,Zr32Nb96,1.004832060243213,13.461006368485505,13.488079496592222,13.526050762192302
bcc_NbZr,alloy,Zr36Nb92,1.0062838616846461,13.559642760970243,13.53317411046839,13.474967926316229
bcc_NbZr,alloy,Zr40Nb88,1.0082079857173563,13.615215599968337,13.504371908223769,13.551297778586845
bcc_NbZr,alloy,Zr44Nb84,1.002673980071845,13.573880118284459,13.595874268898259,13.610176403218363
bcc_NbZr,alloy,Zr48Nb80,1.002229408912497,13.637134823246472,13.60679970271867,13.626403242409662
bcc_NbZr,alloy,Zr4Nb124,1.0002573878253624,13.25568037119091,13.258870224319592,13.255458430699933
bcc_NbZr,alloy,Zr52Nb76,1.0054926008382146,13.700977100668425,13.672250243515888,13.626134184624334
bcc_NbZr,alloy,Zr56Nb72,1.009221154801098,13.776227925113336,13.65035588044963,13.662597238520508
bcc_NbZr,alloy,Zr60Nb68,1.0062196863807258,13.754178792741804,13.774993206537655,13.689846653751095
bcc_NbZr,alloy,Zr64Nb64,1.0064939755796816,13.82468314147228,13.763772981726502,13.735485235776073
bcc_NbZr,alloy,Zr68Nb60,1.0081632606005242,13.79657959961735,13.768340638220703,13.880735190887286
bcc_NbZr,alloy,Zr72Nb56,1.0097548422187,13.910661328511601,13.846055244451733,13.776275930448799
bcc_NbZr,alloy,Zr76Nb52,1.004010748222053,13.866504864100838,13.922119923830621,13.870065093880504
bcc_NbZr,alloy,Zr80Nb48,1.0140206515769663,13.936195808522664,13.827209243447397,14.02107572653158
bcc_NbZr,alloy,Zr84Nb44,1.0105415079714444,13.934859331622036,13.895872484542862,14.042355935108846
bcc_NbZr,alloy,Zr88Nb40,1.0033937672313225,13.990052937865476,14.036530960142393,13.989055362456133
bcc_NbZr,alloy,Zr8Nb120,1.0012036919511305,13.297803756945058,13.289633488294227,13.28181654127793
bcc_NbZr,alloy,Zr92Nb36,1.0086293137193671,13.98404741564869,14.104720147864828,14.021119085110758
bcc_NbZr,alloy,Zr96Nb32,1.0284587210093634,13.876456378336927,14.27136257900662,14.087221781696272
bcc_TaTi,pure,Ta128,1.6237037959052416,12.280600487711236,12.280343713449692,19.939640702549337
bcc_TaTi,pure,Ti128,1.5820652419475603,11.73569646847302,11.735696684707477,18.566637472817895
bcc_TaTi,alloy,Ta100Ti28,1.7387327814321993,11.828913057435829,11.833134738146281,20.56731890167506
bcc_TaTi,alloy,Ta104Ti24,1.6229165112480866,13.255654179323157,11.521264813437188,18.698050896188818
bcc_TaTi,alloy,Ta108Ti20,1.6244920801719487,13.25858537340759,11.52170913750515,18.71692524392189
bcc_TaTi,alloy,Ta112Ti16,1.625403986918251,13.27351912890432,11.520926234413185,18.726159434406263
bcc_TaTi,alloy,Ta116Ti12,1.626871439164118,11.515861575408136,11.510926071359174,18.726796863823864
bcc_TaTi,alloy,Ta120Ti8,1.731358255134036,11.915236129449786,11.91754737754719,20.629542434594207
bcc_TaTi,alloy,Ta124Ti4,1.6269902538301841,11.53602585384089,13.302532993545235,18.769001632132156
bcc_TaTi,alloy,Ta12Ti116,1.5967852134947411,12.001549995091406,11.636073567677565,18.580310216004534
bcc_TaTi,alloy,Ta16Ti112,1.5952256545104782,11.604372307757236,12.149705028249677,18.511592409825305
bcc_TaTi,alloy,Ta20Ti108,1.59877126105601,11.594340762336843,12.184607682621023,18.536698801714376
bcc_TaTi,alloy,Ta24Ti104,1.6214882149120458,11.488133404157354,11.706165881017446,18.62787292617855
bcc_TaTi,alloy,Ta28Ti100,1.5572404729759508,12.912304566809851,11.581607383736989,18.03534776007235
bcc_TaTi,alloy,Ta32Ti96,1.5674850377002971,12.921080126511447,11.550124282345251,18.104646996155065
bcc_TaTi,alloy,Ta36Ti92,1.5406659749269926,11.596384522931347,13.213871667152953,17.86615506665031
bcc_TaTi,alloy,Ta40Ti88,1.5595829741032106,13.112047765587198,11.560315941469701,18.029271917570075
bcc_TaTi,alloy,Ta44Ti84,1.5677982242185293,13.14811440211703,11.537703004997132,18.088790282795294
bcc_TaTi,alloy,Ta48Ti80,1.5804643833720675,11.524160293481813,13.09942596201114,18.2135248921186
bcc_TaTi,alloy,Ta4Ti124,1.5860487472419984,11.739807457717724,11.735789690326751,18.613534536238305
bcc_TaTi,alloy,Ta56Ti72,1.5823370297054304,13.165119411112334,11.522578444475082,18.23260255037852
bcc_TaTi,alloy,Ta60Ti68,1.5703974212314324,11.541057015970933,11.54154563974501,18.124046176165685
bcc_TaTi,alloy,Ta64Ti64,1.5942256545999391,11.512018639000813,11.506832366130272,18.3444873612658
bcc_TaTi,alloy,Ta68Ti60,1.6077883393871173,13.169078206827514,11.483788636611195,18.46350146192976
bcc_TaTi,alloy,Ta72Ti56,1.6062233005840993,11.497562143119394,11.476732695043669,18.43419546935449
bcc_TaTi,alloy,Ta76Ti52,1.6176551198037727,11.493700650299722,13.205206845601154,18.592843702449297
bcc_TaTi,alloy,Ta80Ti48,1.6169150741357972,13.199378333517824,11.481508624993783,18.564624369572616
bcc_TaTi,alloy,Ta84Ti44,1.6206397255461489,11.510398906528192,13.19310245518876,18.65420972480254
bcc_TaTi,alloy,Ta88Ti40,1.6229968869530091,11.493278327417928,13.20893052016776,18.653554946283784
bcc_TaTi,alloy,Ta8Ti120,1.5891535012756033,11.74756140731944,11.741871615406598,18.65963638915202
bcc_TaTi,alloy,Ta92Ti36,1.6250348158149146,13.224190792676072,11.494452727633245,18.678885871142732
bcc_TaTi,alloy,Ta96Ti32,1.6076540149398946,11.849838984179296,12.416455041928264,19.050441219307128
bcc_TaV,pure,Ta128,1.000000014991033,13.28013547913864,13.280135678221589,13.280135569363521
bcc_TaV,alloy,Ta100V28,1.0011857745396764,13.051349069468694,13.03589144129562,13.043313741572511
bcc_TaV,alloy,Ta108V20,1.0003636711649813,13.116629268161082,13.112675621045332,13.111860862446164
bcc_TaV,alloy,Ta120V8,1.0001713485088772,13.214577800931613,13.215287685664418,13.213023653763585
bcc_TaV,alloy,Ta124V4,1.0000633335006788,13.245928010277101,13.2456942690537,13.24653316524068
bcc_TaV,alloy,Ta12V116,1.0001289222894805,12.109381250940967,12.110727456312668,12.110942420096029
bcc_TaV,alloy,Ta16V112,1.0011233313651187,12.166154451730852,12.152503163762296,12.159876751093096
bcc_TaV,alloy,Ta24V104,1.0011518792137974,12.250593354092068,12.264704557933332,12.257130790710201
bcc_TaV,alloy,Ta32V96,1.0017130702452506,12.361903185319461,12.345398383091938,12.3407625921192
bcc_TaV,alloy,Ta40V88,1.00058724952509,12.445054514377192,12.439399755101348,12.43775045133146
bcc_TaV,alloy,Ta44V84,1.0013473509566977,12.48893575685555,12.478397055515483,12.495209835726286
bcc_TaV,alloy,Ta48V80,1.0011987221728267,12.524336448070096,12.535057213631879,12.53934964787034
bcc_TaV,alloy,Ta52V76,1.0006651432819065,12.571060825337595,12.579422381992007,12.577112770987736
bcc_TaV,alloy,Ta56V72,1.001679181036971,12.620435632706519,12.625774929640395,12.604609508375507
bcc_TaV,alloy,Ta64V64,1.001182515121526,12.70975705392409,12.694745325612633,12.69494581538936
bcc_TaV,alloy,Ta68V60,1.0016821372154594,12.736274866800866,12.732110692558143,12.753527849785444
bcc_TaV,alloy,Ta72V56,1.0011947792729528,12.787747945883174,12.772487642384009,12.778354668045965
bcc_TaV,alloy,Ta76V52,1.0012609537342678,12.813497122068963,12.829654349114067,12.815843661084527
bcc_TaV,alloy,Ta80V48,1.0012075775276783,12.860835389590623,12.850462370705687,12.865980300284827
bcc_TaV,alloy,Ta92V36,1.0002915447242178,12.968648643881245,12.972429584973604,12.971944839508527
bcc_TaV,alloy,Ta96V32,1.0004104492295596,13.007426748025509,13.011620445736945,13.006282027299404
bcc_TaZr,pure,Ta128,1.0000000348331775,13.283759915300955,13.283759452585404,13.283759649947994
bcc_TaZr,pure,Zr128,1.0000000338397124,13.283759688177996,13.283759238659405,13.283759446795614
bcc_TaZr,alloy,Zr100Ta28,1.009626985413282,14.061783466264306,14.15642298406327,14.19715605057876
bcc_TaZr,alloy,Zr104Ta24,1.0037592745442174,14.14540793036433,14.19858440231452,14.181947652120456
bcc_TaZr,alloy,Zr112Ta16,1.0232691993073453,14.350258101866276,14.045986483136017,14.372825342080388
bcc_TaZr,alloy,Zr116Ta12,1.0432762280525547,13.901772469904,14.503388745646292,14.499279168957539
bcc_TaZr,alloy,Zr124Ta4,1.0769557219693238,14.008325812470906,15.086346638951118,14.008987153382392
bcc_TaZr,alloy,Zr16Ta112,1.0024160467804253,13.385437787793206,13.416895639978845,13.417777631664986
bcc_TaZr,alloy,Zr20Ta108,1.0053011698830128,13.478980801253357,13.430612321446901,13.407903228464273
bcc_TaZr,alloy,Zr24Ta104,1.0013609682619415,13.465796558134185,13.461027597105867,13.479347628438648
bcc_TaZr,alloy,Zr28Ta100,1.006017756876326,13.483962211745967,13.55439944433776,13.473320278584366
bcc_TaZr,alloy,Zr32Ta96,1.007703940804872,13.490427906485415,13.53216551218631,13.594357364509372
bcc_TaZr,alloy,Zr36Ta92,1.0077704136995982,13.603061926867507,13.6037016051874,13.498810264976154
bcc_TaZr,alloy,Zr40Ta88,1.0094345120659312,13.682800816570873,13.554916790557664,13.576375171135913
bcc_TaZr,alloy,Zr44Ta84,1.0026912236762666,13.617251844741416,13.65389891531167,13.647772148881632
bcc_TaZr,alloy,Zr48Ta80,1.002611270374938,13.648893383461004,13.672503466711948,13.684534334403923
bcc_TaZr,alloy,Zr4Ta124,1.0000544155829518,13.312505152773985,13.311781659714898,13.311780784462472
bcc_TaZr,alloy,Zr56Ta72,1.0088525815487768,13.814749553060429,13.693526493090014,13.702954441029869
bcc_TaZr,alloy,Zr60Ta68,1.0050119504974966,13.77091532111595,13.817076393081265,13.748171239398296
bcc_TaZr,alloy,Zr72Ta56,1.0095916728434011,13.943947922745478,13.88604483149944,13.811472794217805
bcc_TaZr,alloy,Zr76Ta52,1.0084146636497613,13.881897020589726,13.998708514838611,13.882293782680188
bcc_TaZr,alloy,Zr84Ta44,1.014437240291599,13.914714409097567,13.944495034215281,14.115604484610683
bcc_TaZr,alloy,Zr8Ta120,1.0010307706398067,13.350506728908522,13.340814829976186,13.336759588694335
bcc_TaZr,alloy,Zr92Ta36,1.0078282583522509,14.005925942887469,14.115567949630885,14.05859726238596
bcc_VZr,pure,V128,1.000000085009941,11.959805656975897,11.95980638883639,11.95980537213404
bcc_VZr,pure,Zr128,1.000000069891793,11.97344134619838,11.973442111091531,11.973441274246252
bcc_VZr,alloy,Zr104V24,1.0030059960368183,14.0185797579592,14.010110769117182,13.976566255187777
bcc_VZr,alloy,Zr108V20,1.015227453878835,14.128673804620991,13.935190321016627,14.147387788922696
bcc_VZr,alloy,Zr120V8,1.0187214922898604,14.321199645567887,14.368618646439975,14.104560230826682
bcc_VZr,alloy,Zr124V4,1.028728667933469,14.560982228334964,14.268495072815341,14.154346702114719
bcc_VZr,alloy,Zr12V116,1.0054455597121343,12.183149847797777,12.24949391777584,12.234969429886606
bcc_VZr,alloy,Zr20V108,1.0099862038769127,12.37499955371394,12.468945217916461,12.345658950640532
bcc_VZr,alloy,Zr28V100,1.0045916446151508,12.601217069892163,12.543621219067143,12.575953174180768
bcc_VZr,alloy,Zr32V96,1.0120780904238251,12.568000356577707,12.689935279410367,12.719797801331119
bcc_VZr,alloy,Zr36V92,1.0056447300164542,12.780437867194332,12.70870068297899,12.743986893286715
bcc_VZr,alloy,Zr40V88,1.004630526374937,12.804731617936017,12.86402426541686,12.831801329950737
bcc_VZr,alloy,Zr44V84,1.006787389910184,12.85287112921991,12.940108577039272,12.923647475801662
bcc_VZr,alloy,Zr48V80,1.0034059280763301,13.003132829056339,13.016135153137606,12.971953612125215
bcc_VZr,alloy,Zr4V124,1.0018168635755111,12.041220805187086,12.063098060672719,12.045997003361622
bcc_VZr,alloy,Zr52V76,1.017477047218756,13.161983122969774,13.129951644922288,12.935901757142997
bcc_VZr,alloy,Zr56V72,1.0304986609532596,12.932092427534634,13.32650392989823,13.204882784410232
bcc_VZr,alloy,Zr60V68,1.002165230012133,13.226541429852778,13.205702154538042,13.234295537174336
bcc_VZr,alloy,Zr64V64,1.0293446084880662,13.107187000337767,13.49181227124255,13.281427363109367
bcc_VZr,alloy,Zr72V56,1.0072674826829737,13.385741628641469,13.483022274126382,13.469976820231082
bcc_VZr,alloy,Zr76V52,1.0292472607934864,13.332504190602215,13.49437089160133,13.72244341769501
bcc_VZr,alloy,Zr80V48,1.0053362151197625,13.620876587040156,13.548578457822236,13.578361322365906
bcc_VZr,alloy,Zr88V40,1.0115899226401435,13.661551586772012,13.698546616567546,13.819887912807028
bcc_VZr,alloy,Zr8V120,1.0010373275693822,12.131206633555704,12.128947864996618,12.14152955700458
bcc_VZr,alloy,Zr92V36,1.004871107801411,13.805848584412697,13.778236744365987,13.845352020861156
bcc_VZr,alloy,Zr96V32,1.0210810460008448,14.020529866600373,13.731064660844535,13.838534428249716
