x_elem2,fe_raw_meVatom,offset_meVatom,fe_offset_corrected_meVatom
0.78125000,-19.49357986,-72.50047146,53.00689159
0.78125000,-15.01417160,-72.50047146,57.48629986
0.78125000,-23.07271957,-72.50047146,49.42775188
0.78125000,-14.91022110,-72.50047146,57.59025036
0.78125000,-18.51892471,-72.50047146,53.98154674
0.78125000,-16.20912552,-72.50047146,56.29134594
0.78125000,-18.17083359,-72.50047146,54.32963787
0.78125000,-19.17505264,-72.50047146,53.32541882
0.78125000,-19.33526993,-72.50047146,53.16520153
0.78125000,-18.48649979,-72.50047146,54.01397167
0.78125000,-22.06087112,-72.50047146,50.43960033
0.78125000,-15.79713821,-72.50047146,56.70333324
0.78125000,-20.84970474,-72.50047146,51.65076672
0.78125000,-15.14577866,-72.50047146,57.35469280
0.78125000,-16.71361923,-72.50047146,55.78685223
0.78125000,-19.75202560,-72.50047146,52.74844585
0.78125000,-18.40066910,-72.50047146,54.09980236
0.78125000,-21.82435989,-72.50047146,50.67611156
0.78125000,-23.02598953,-72.50047146,49.47448193
0.78125000,-14.58215714,-72.50047146,57.91831432
0.78125000,-21.64316177,-72.50047146,50.85730968
0.78125000,-19.88649368,-72.50047146,52.61397778
0.78125000,-20.72763443,-72.50047146,51.77283703
0.78125000,-19.43254471,-72.50047146,53.06792675
0.78125000,-20.52736282,-72.50047146,51.97310863
0.78125000,-17.97723770,-72.50047146,54.52323376
0.78125000,-19.81210709,-72.50047146,52.68836437
0.78125000,-16.19005203,-72.50047146,56.31041943
0.78125000,-18.79835129,-72.50047146,53.70212017
0.78125000,-19.25802231,-72.50047146,53.24244915
0.78125000,-17.55666733,-72.50047146,54.94380413
0.78125000,-19.65856552,-72.50047146,52.84190594
0.78125000,-17.66538620,-72.50047146,54.83508526
0.78125000,-17.74454117,-72.50047146,54.75593029
0.78125000,-20.19357681,-72.50047146,52.30689465
0.78125000,-13.77439499,-72.50047146,58.72607647
0.78125000,-18.84317398,-72.50047146,53.65729748
0.78125000,-18.01061630,-72.50047146,54.48985516
0.78125000,-19.45352554,-72.50047146,53.04694591
0.78125000,-18.98813248,-72.50047146,53.51233898
0.78125000,-19.61374283,-72.50047146,52.88672863
0.78125000,-17.53950119,-72.50047146,54.96097027
0.78125000,-21.36754990,-72.50047146,51.13292156
0.78125000,-17.14086533,-72.50047146,55.35960613
0.78125000,-19.84453201,-72.50047146,52.65593945
0.78125000,-19.18935776,-72.50047146,53.31111370
0.78125000,-18.44930649,-72.50047146,54.05116497
0.78125000,-19.89030838,-72.50047146,52.61016308
0.78125000,-16.27492905,-72.50047146,56.22554241
0.78125000,-19.29044724,-72.50047146,53.21002422
0.78125000,-20.89452744,-72.50047146,51.60594402
0.78125000,-20.06196976,-72.50047146,52.43850170
0.78125000,-21.26073837,-72.50047146,51.23973309
0.78125000,-18.43690872,-72.50047146,54.06356274
0.78125000,-16.81470871,-72.50047146,55.68576275
0.78125000,-23.43034744,-72.50047146,49.07012402
0.78125000,-19.65093613,-72.50047146,52.84953533
0.78125000,-21.86346054,-72.50047146,50.63701092
0.81250000,-31.33344650,-76.62701070,45.29356420
0.81250000,-29.38508987,-76.62701070,47.24192083
0.81250000,-31.19993210,-76.62701070,45.42707860
0.81250000,-30.71737289,-76.62701070,45.90963781
0.81250000,-27.90021896,-76.62701070,48.72679174
0.81250000,-32.20129013,-76.62701070,44.42572057
0.81250000,-31.64815903,-76.62701070,44.97885167
0.81250000,-29.48999405,-76.62701070,47.13701665
0.81250000,-29.80756760,-76.62701070,46.81944310
0.81250000,-30.04693985,-76.62701070,46.58007085
0.81250000,-30.04598618,-76.62701070,46.58102453
0.81250000,-27.44245529,-76.62701070,49.18455541
0.81250000,-28.89966965,-76.62701070,47.72734105
0.81250000,-28.67174149,-76.62701070,47.95526922
0.81250000,-29.93631363,-76.62701070,46.69069707
0.81250000,-28.80525589,-76.62701070,47.82175481
0.81250000,-27.09054947,-76.62701070,49.53646123
0.81250000,-32.91177750,-76.62701070,43.71523320
0.81250000,-27.81438828,-76.62701070,48.81262243
0.81250000,-25.51221848,-76.62701070,51.11479223
0.81250000,-27.02379227,-76.62701070,49.60321843
0.81250000,-30.97486496,-76.62701070,45.65214574
0.81250000,-27.58646011,-76.62701070,49.04055059
0.81250000,-30.86805344,-76.62701070,45.75895726
0.81250000,-30.19952774,-76.62701070,46.42748296
0.81250000,-26.80158615,-76.62701070,49.82542455
0.81250000,-32.39774704,-76.62701070,44.22926366
0.81250000,-31.84747696,-76.62701070,44.77953374
0.81250000,-26.42583847,-76.62701070,50.20117223
0.81250000,-32.95087814,-76.62701070,43.67613256
0.81250000,-29.03795242,-76.62701070,47.58905828
0.81250000,-30.88617325,-76.62701070,45.74083745
0.81250000,-28.40089798,-76.62701070,48.22611272
0.81250000,-28.41901779,-76.62701070,48.20799291
0.81250000,-31.01205826,-76.62701070,45.61495244
0.81250000,-27.95267105,-76.62701070,48.67433965
0.81250000,-27.39667892,-76.62701070,49.23033178
0.81250000,-30.40361404,-76.62701070,46.22339666
0.81250000,-25.91848373,-76.62701070,50.70852697
0.81250000,-31.31055832,-76.62701070,45.31645238
0.81250000,-26.93128586,-76.62701070,49.69572484
0.81250000,-27.79912949,-76.62701070,48.82788121
0.81250000,-29.32691574,-76.62701070,47.30009496
0.81250000,-25.49600601,-76.62701070,51.13100469
0.81250000,-29.19054031,-76.62701070,47.43647039
0.81250000,-30.91001511,-76.62701070,45.71699559
0.81250000,-28.46765518,-76.62701070,48.15935552
0.81250000,-30.36546707,-76.62701070,46.26154363
0.81250000,-27.14872360,-76.62701070,49.47828710
0.81250000,-32.25469589,-76.62701070,44.37231481
0.81250000,-25.43401718,-76.62701070,51.19299352
0.81250000,-26.52978897,-76.62701070,50.09722173
0.81250000,-28.46288681,-76.62701070,48.16412389
0.84375000,-39.64948654,-80.75354994,41.10406340
0.84375000,-39.78681564,-80.75354994,40.96673430
0.84375000,-44.46268082,-80.75354994,36.29086913
0.84375000,-40.89117050,-80.75354994,39.86237944
0.84375000,-44.12031174,-80.75354994,36.63323821
0.84375000,-40.41910172,-80.75354994,40.33444823
0.84375000,-37.26911545,-80.75354994,43.48443450
0.84375000,-42.18339920,-80.75354994,38.57015074
0.84375000,-43.63870621,-80.75354994,37.11484374
0.84375000,-41.54253006,-80.75354994,39.21101988
0.84375000,-36.63301468,-80.75354994,44.12053526
0.84375000,-43.36118698,-80.75354994,37.39236296
0.84375000,-39.80207443,-80.75354994,40.95147551
0.84375000,-38.04731369,-80.75354994,42.70623625
0.84375000,-42.25111008,-80.75354994,38.50243987
0.84375000,-41.25928879,-80.75354994,39.49426116
0.84375000,-41.38803482,-80.75354994,39.36551512
0.84375000,-43.42317581,-80.75354994,37.33037413
0.84375000,-42.07277298,-80.75354994,38.68077696
0.84375000,-40.60602188,-80.75354994,40.14752806
0.84375000,-44.74020004,-80.75354994,36.01334990
0.84375000,-42.29784012,-80.75354994,38.45570983
0.84375000,-41.91160202,-80.75354994,38.84194792
0.84375000,-44.02971268,-80.75354994,36.72383727
0.84375000,-42.82140732,-80.75354994,37.93214263
0.84375000,-42.68217087,-80.75354994,38.07137908
0.84375000,-39.32332993,-80.75354994,41.43022002
0.84375000,-41.44430161,-80.75354994,39.30924834
0.84375000,-44.01922226,-80.75354994,36.73432768
0.84375000,-41.63217545,-80.75354994,39.12137450
0.84375000,-42.11091995,-80.75354994,38.64262999
0.84375000,-44.83079910,-80.75354994,35.92275084
0.84375000,-43.47181320,-80.75354994,37.28173674
0.84375000,-37.95862198,-80.75354994,42.79492796
0.84375000,-45.03107071,-80.75354994,35.72247923
0.84375000,-39.91079330,-80.75354994,40.84275664
0.84375000,-45.20559311,-80.75354994,35.54795683
0.84375000,-41.89729691,-80.75354994,38.85625304
0.84375000,-41.75615311,-80.75354994,38.99739684
0.84375000,-38.97523880,-80.75354994,41.77831114
0.84375000,-42.27018356,-80.75354994,38.48336638
0.84375000,-42.94347763,-80.75354994,37.81007231
0.84375000,-40.89117050,-80.75354994,39.86237944
0.84375000,-41.61024094,-80.75354994,39.14330901
0.84375000,-43.18666458,-80.75354994,37.56688536
0.84375000,-43.15137863,-80.75354994,37.60217131
0.84375000,-42.35315323,-80.75354994,38.40039671
0.84375000,-42.34552383,-80.75354994,38.40802611
0.84375000,-40.85206985,-80.75354994,39.90148009
0.84375000,-41.45669937,-80.75354994,39.29685057
0.84375000,-42.15002060,-80.75354994,38.60352934
0.84375000,-40.28272629,-80.75354994,40.47082366
0.84375000,-39.65711594,-80.75354994,41.09643401
0.84375000,-42.31023788,-80.75354994,38.44331206
0.84375000,-42.38748550,-80.75354994,38.36606444
0.84375000,-43.09892654,-80.75354994,37.65462340
0.84375000,-44.18992996,-80.75354994,36.56361998
0.84375000,-42.19579697,-80.75354994,38.55775298
0.84375000,-41.98026657,-80.75354994,38.77328337
0.84375000,-40.77005386,-80.75354994,39.98349608
0.84375000,-41.65220261,-80.75354994,39.10134734
0.87500000,-55.29260635,-84.88008919,29.58748283
0.87500000,-53.71809006,-84.88008919,31.16199913
0.87500000,-54.97217178,-84.88008919,29.90791740
0.87500000,-54.82530594,-84.88008919,30.05478325
0.87500000,-53.96223068,-84.88008919,30.91785850
0.87500000,-56.68020248,-84.88008919,28.19988670
0.87500000,-54.53729630,-84.88008919,30.34279289
0.87500000,-56.55622482,-84.88008919,28.32386436
0.87500000,-55.58919907,-84.88008919,29.29089012
0.87500000,-54.19397354,-84.88008919,30.68611565
0.87500000,-57.52897263,-84.88008919,27.35111656
0.87500000,-54.36563492,-84.88008919,30.51445427
0.87500000,-57.74354935,-84.88008919,27.13653984
0.87500000,-53.47776413,-84.88008919,31.40232506
0.87500000,-55.32217026,-84.88008919,29.55791893
0.87500000,-55.59778214,-84.88008919,29.28230705
0.87500000,-58.83169174,-84.88008919,26.04839744
0.87500000,-52.62708664,-84.88008919,32.25300255
0.87500000,-59.38768387,-84.88008919,25.49240532
0.87500000,-49.57056046,-84.88008919,35.30952873
0.87500000,-54.34656143,-84.88008919,30.53352775
0.87500000,-50.12464523,-84.88008919,34.75544395
0.87500000,-55.84383011,-84.88008919,29.03625908
0.87500000,-54.00419235,-84.88008919,30.87589683
0.87500000,-55.44614792,-84.88008919,29.43394127
0.87500000,-57.87801743,-84.88008919,27.00207176
0.87500000,-55.62734604,-84.88008919,29.25274315
0.87500000,-56.16617203,-84.88008919,28.71391716
0.87500000,-55.17339706,-84.88008919,29.70669212
0.87500000,-55.70554733,-84.88008919,29.17454185
0.87500000,-56.43033981,-84.88008919,28.44974937
0.87500000,-54.58402634,-84.88008919,30.29606285
0.87500000,-55.06277084,-84.88008919,29.81731834
0.87500000,-55.35173416,-84.88008919,29.52835503
0.87500000,-57.93619156,-84.88008919,26.94389763
0.87500000,-55.53865433,-84.88008919,29.34143486
0.87500000,-55.51195145,-84.88008919,29.36813774
0.87500000,-56.34260178,-84.88008919,28.53748741
0.87500000,-54.48770523,-84.88008919,30.39238396
0.87500000,-55.56631088,-84.88008919,29.31377830
0.87500000,-53.86018753,-84.88008919,31.01990166
0.87500000,-55.30309677,-84.88008919,29.57699242
0.87500000,-54.80432510,-84.88008919,30.07576408
0.87500000,-57.80839920,-84.88008919,27.07168999
0.87500000,-55.97734451,-84.88008919,28.90274467
0.87500000,-55.18579483,-84.88008919,29.69429436
0.87500000,-53.34138870,-84.88008919,31.53870048
0.87500000,-55.07707596,-84.88008919,29.80301323
0.87500000,-53.71809006,-84.88008919,31.16199913
0.87500000,-54.93307114,-84.88008919,29.94701805
0.87500000,-59.07297134,-84.88008919,25.80711784
0.87500000,-57.10363388,-84.88008919,27.77645531
0.87500000,-55.13238907,-84.88008919,29.74770012
0.87500000,-52.32954025,-84.88008919,32.55054893
0.87500000,-57.37543106,-84.88008919,27.50465813
0.87500000,-57.67107010,-84.88008919,27.20901909
0.87500000,-55.96303940,-84.88008919,28.91704979
0.87500000,-56.25677109,-84.88008919,28.62331810
0.87500000,-54.20732498,-84.88008919,30.67276420
0.87500000,-54.89397049,-84.88008919,29.98611870
0.90625000,-69.65780258,-89.00662843,19.34882585
0.90625000,-68.31693649,-89.00662843,20.68969194
0.90625000,-68.81093979,-89.00662843,20.19568864
0.90625000,-70.74975967,-89.00662843,18.25686876
0.90625000,-69.60916519,-89.00662843,19.39746324
0.90625000,-68.95017624,-89.00662843,20.05645219
0.90625000,-70.14036179,-89.00662843,18.86626664
0.90625000,-69.64731216,-89.00662843,19.35931626
0.90625000,-68.84050369,-89.00662843,20.16612474
0.90625000,-71.53081894,-89.00662843,17.47580949
0.90625000,-74.06473160,-89.00662843,14.94189683
0.90625000,-75.46758652,-89.00662843,13.53904191
0.90625000,-72.39675522,-89.00662843,16.60987321
0.90625000,-74.04661179,-89.00662843,14.96001664
0.90625000,-71.22468948,-89.00662843,17.78193895
0.90625000,-74.42235947,-89.00662843,14.58426896
0.90625000,-73.87208939,-89.00662843,15.13453904
0.90625000,-72.70956039,-89.00662843,16.29706803
0.90625000,-70.11842728,-89.00662843,18.88820115
0.90625000,-68.83859634,-89.00662843,20.16803209
0.90625000,-73.90928268,-89.00662843,15.09734574
0.90625000,-68.97687912,-89.00662843,20.02974931
0.90625000,-71.78449631,-89.00662843,17.22213212
0.90625000,-69.57292557,-89.00662843,19.43370286
0.90625000,-74.30124283,-89.00662843,14.70538560
0.90625000,-69.81992722,-89.00662843,19.18670121
0.90625000,-69.58818436,-89.00662843,19.41844407
0.90625000,-70.73545456,-89.00662843,18.27117387
0.90625000,-70.10030746,-89.00662843,18.90632096
0.90625000,-70.91283798,-89.00662843,18.09379045
0.90625000,-69.52619553,-89.00662843,19.48043290
0.90625000,-72.63708115,-89.00662843,16.36954728
0.90625000,-71.45929337,-89.00662843,17.54733506
0.90625000,-72.87836075,-89.00662843,16.12826768
0.90625000,-70.60956955,-89.00662843,18.39705888
0.90625000,-75.34933090,-89.00662843,13.65729753
0.90625000,-69.37074661,-89.00662843,19.63588182
0.90625000,-70.50848007,-89.00662843,18.49814836
0.90625000,-70.94812393,-89.00662843,18.05850450
0.90625000,-68.78614426,-89.00662843,20.22048417
0.90625000,-66.69282913,-89.00662843,22.31379930
0.90625000,-76.39265060,-89.00662843,12.61397782
0.90625000,-74.59878922,-89.00662843,14.40783921
0.90625000,-69.19050217,-89.00662843,19.81612626
0.90625000,-69.19431686,-89.00662843,19.81231157
0.90625000,-72.96133041,-89.00662843,16.04529802
0.90625000,-69.69404221,-89.00662843,19.31258622
0.90625000,-63.90142441,-89.00662843,25.10520402
0.90625000,-74.53012466,-89.00662843,14.47650376
0.90625000,-72.56555557,-89.00662843,16.44107286
0.90625000,-69.75889206,-89.00662843,19.24773637
0.90625000,-69.30685043,-89.00662843,19.69977800
0.90625000,-69.59199905,-89.00662843,19.41462938
0.90625000,-71.54417038,-89.00662843,17.46245805
0.90625000,-71.58231735,-89.00662843,17.42431108
0.90625000,-72.74866104,-89.00662843,16.25796739
0.93750000,-94.24924850,-93.13316767,-1.11608083
0.93750000,-90.64149857,-93.13316767,2.49166911
0.93750000,-93.65415573,-93.13316767,-0.52098806
0.93750000,-92.03481674,-93.13316767,1.09835093
0.93750000,-93.52731705,-93.13316767,-0.39414938
0.93750000,-89.58673477,-93.13316767,3.54643290
0.93750000,-94.18725967,-93.13316767,-1.05409200
0.93750000,-93.80960464,-93.13316767,-0.67643697
0.93750000,-93.63317490,-93.13316767,-0.50000722
0.93750000,-90.26575089,-93.13316767,2.86741679
0.93750000,-94.34652328,-93.13316767,-1.21335561
0.93750000,-90.33727646,-93.13316767,2.79589121
0.93750000,-94.16913986,-93.13316767,-1.03597219
0.93750000,-92.20933914,-93.13316767,0.92382853
0.93750000,-93.52540970,-93.13316767,-0.39224203
0.93750000,-93.63317490,-93.13316767,-0.50000722
0.93750000,-86.05623245,-93.13316767,7.07693522
0.93750000,-94.91300583,-93.13316767,-1.77983816
0.93750000,-94.60973740,-93.13316767,-1.47656972
0.93750000,-94.96641159,-93.13316767,-1.83324392
0.93750000,-93.88303757,-93.13316767,-0.74986990
0.93750000,-93.36233139,-93.13316767,-0.22916372
0.93750000,-93.52827072,-93.13316767,-0.39510305
0.93750000,-93.48154068,-93.13316767,-0.34837301
0.93750000,-92.90933609,-93.13316767,0.22383158
0.93750000,-89.24818039,-93.13316767,3.88498728
0.93750000,-94.41804886,-93.13316767,-1.28488119
0.93750000,-88.46712112,-93.13316767,4.66604655
0.93750000,-93.99652481,-93.13316767,-0.86335714
0.93750000,-93.86396408,-93.13316767,-0.73079641
0.93750000,-89.96820450,-93.13316767,3.16496317
0.93750000,-94.34175491,-93.13316767,-1.20858724
0.93750000,-94.13671494,-93.13316767,-1.00354726
0.93750000,-94.29025650,-93.13316767,-1.15708883
0.93750000,-91.38441086,-93.13316767,1.74875681
0.93750000,-92.00334549,-93.13316767,1.12982218
0.93750000,-93.89066696,-93.13316767,-0.75749929
0.93750000,-94.45142746,-93.13316767,-1.31825979
0.93750000,-94.68603134,-93.13316767,-1.55286367
0.93750000,-89.64300156,-93.13316767,3.49016612
0.93750000,-91.01247787,-93.13316767,2.12068980
0.93750000,-93.26124191,-93.13316767,-0.12807424
0.93750000,-94.12431717,-93.13316767,-0.99114950
0.93750000,-90.49558640,-93.13316767,2.63758128
0.93750000,-93.94598007,-93.13316767,-0.81281240
0.93750000,-91.74585342,-93.13316767,1.38731425
0.93750000,-89.35308456,-93.13316767,3.78008311
0.93750000,-89.79558945,-93.13316767,3.33757822
0.93750000,-94.24352646,-93.13316767,-1.11035879
0.93750000,-93.47581863,-93.13316767,-0.34265096
0.93750000,-86.54832840,-93.13316767,6.58483927
0.93750000,-92.13209152,-93.13316767,1.00107615
0.93750000,-93.36805344,-93.13316767,-0.23488576
0.93750000,-93.43194962,-93.13316767,-0.29878194
0.93750000,-87.13483810,-93.13316767,5.99832957
0.96875000,-110.50605774,-97.25970691,-13.24635082
0.96875000,-110.59188843,-97.25970691,-13.33218151
0.96875000,-117.05780029,-97.25970691,-19.79809338
0.96875000,-116.64581299,-97.25970691,-19.38610607
0.96875000,-117.21801758,-97.25970691,-19.95831066
0.96875000,-116.56951904,-97.25970691,-19.30981213
0.96875000,-117.14363098,-97.25970691,-19.88392407
0.96875000,-117.20657349,-97.25970691,-19.94686657
0.96875000,-116.56379700,-97.25970691,-19.30409008
0.96875000,-107.01656342,-97.25970691,-9.75685650
0.96875000,-107.43236542,-97.25970691,-10.17265850
0.96875000,-116.78123474,-97.25970691,-19.52152783
0.96875000,-116.98722839,-97.25970691,-19.72752148
0.96875000,-116.85752869,-97.25970691,-19.59782177
0.96875000,-117.16842651,-97.25970691,-19.90871960
0.96875000,-96.63009644,-97.25970691,0.62961048
0.96875000,-108.84475708,-97.25970691,-11.58505017
0.96875000,-110.55183411,-97.25970691,-13.29212719
0.96875000,-101.61304474,-97.25970691,-4.35333782
0.96875000,-117.07019806,-97.25970691,-19.81049114
0.96875000,-116.64867401,-97.25970691,-19.38896710
0.96875000,-109.99107361,-97.25970691,-12.73136669
0.96875000,-117.09976196,-97.25970691,-19.84005505
0.96875000,-117.07115173,-97.25970691,-19.81144482
0.96875000,-116.90711975,-97.25970691,-19.64741284
0.96875000,-116.86420441,-97.25970691,-19.60449749
0.96875000,-109.96627808,-97.25970691,-12.70657116
0.96875000,-116.58573151,-97.25970691,-19.32602459
0.96875000,-108.48236084,-97.25970691,-11.22265393
0.96875000,-117.46406555,-97.25970691,-20.20435864
0.96875000,-116.92619324,-97.25970691,-19.66648632
0.96875000,-117.14744568,-97.25970691,-19.88773876
0.96875000,-116.92047119,-97.25970691,-19.66076428
0.96875000,-116.91093445,-97.25970691,-19.65122753
0.96875000,-117.46215820,-97.25970691,-20.20245129
0.96875000,-116.65058136,-97.25970691,-19.39087445
0.96875000,-117.02632904,-97.25970691,-19.76662213
0.96875000,-116.87564850,-97.25970691,-19.61594158
0.96875000,-109.63630676,-97.25970691,-12.37659985
0.96875000,-101.97067261,-97.25970691,-4.71096569
0.96875000,-108.36029053,-97.25970691,-11.10058361
0.96875000,-109.12895203,-97.25970691,-11.86924511
0.96875000,-108.15143585,-97.25970691,-10.89172894
0.96875000,-117.03968048,-97.25970691,-19.77997357
0.96875000,-109.62772369,-97.25970691,-12.36801678
0.96875000,-116.95671082,-97.25970691,-19.69700390
0.96875000,-109.66396332,-97.25970691,-12.40425640
0.96875000,-116.69826508,-97.25970691,-19.43855816
0.96875000,-116.56093597,-97.25970691,-19.30122906
0.96875000,-116.93572998,-97.25970691,-19.67602307
0.96875000,-117.36106873,-97.25970691,-20.10136181
0.96875000,-109.69924927,-97.25970691,-12.43954235
0.96875000,-116.85180664,-97.25970691,-19.59209973
0.96875000,-116.74022675,-97.25970691,-19.48051983
0.96875000,-116.72973633,-97.25970691,-19.47002941
0.96875000,-108.51955414,-97.25970691,-11.25984722
0.96875000,-116.98150635,-97.25970691,-19.72179943
0.96875000,-116.80221558,-97.25970691,-19.54250866
0.96875000,-116.83654785,-97.25970691,-19.57684094
0.96875000,-109.81559753,-97.25970691,-12.55589062
0.96875000,-116.95480347,-97.25970691,-19.69509655
0.96875000,-109.82513428,-97.25970691,-12.56542736
0.96875000,-116.92905426,-97.25970691,-19.66934735
0.09375000,32.62096643,18.28339188,14.33757455
0.09375000,31.52328730,18.28339188,13.23989541
0.09375000,30.94822168,18.28339188,12.66482980
0.09375000,31.48990870,18.28339188,13.20651681
0.09375000,28.83201838,18.28339188,10.54862649
0.09375000,32.83458948,18.28339188,14.55119760
0.09375000,31.86661005,18.28339188,13.58321817
0.09375000,31.08841181,18.28339188,12.80501992
0.09375000,33.51074457,18.28339188,15.22735269
0.09375000,30.90626001,18.28339188,12.62286813
0.09375000,32.30911493,18.28339188,14.02572305
0.09375000,32.26906061,18.28339188,13.98566873
0.09375000,31.56048059,18.28339188,13.27708871
0.09375000,29.96307611,18.28339188,11.67968423
0.09375000,32.86987543,18.28339188,14.58648355
0.09375000,30.35408258,18.28339188,12.07069070
0.09375000,31.92096949,18.28339188,13.63757760
0.09375000,32.74112940,18.28339188,14.45773752
0.09375000,30.99209070,18.28339188,12.70869882
0.09375000,29.98882532,18.28339188,11.70543344
0.09375000,32.50175714,18.28339188,14.21836526
0.09375000,31.94957972,18.28339188,13.66618783
0.09375000,31.70067072,18.28339188,13.41727884
0.09375000,30.53623438,18.28339188,12.25284250
0.09375000,31.68350458,18.28339188,13.40011270
0.09375000,32.08881617,18.28339188,13.80542428
0.09375000,31.45176172,18.28339188,13.16836984
0.09375000,30.69263697,18.28339188,12.40924508
0.09375000,30.26825190,18.28339188,11.98486001
0.09375000,33.22273493,18.28339188,14.93934305
0.09375000,29.21062708,18.28339188,10.92723520
0.09375000,29.36226130,18.28339188,11.07886941
0.09375000,31.14944696,18.28339188,12.86605508
0.09375000,30.28732538,18.28339188,12.00393350
0.09375000,31.99726343,18.28339188,13.71387155
0.09375000,32.25666285,18.28339188,13.97327096
0.09375000,30.05462885,18.28339188,11.77123697
0.09375000,32.14126825,18.28339188,13.85787637
0.09375000,30.77560663,18.28339188,12.49221475
0.09375000,31.04454279,18.28339188,12.76115091
0.09375000,32.59044886,18.28339188,14.30705697
0.09375000,33.82068872,18.28339188,15.53729684
0.09375000,31.00734949,18.28339188,12.72395761
0.09375000,31.13991022,18.28339188,12.85651834
0.09375000,30.92151880,18.28339188,12.63812692
0.09375000,30.13664484,18.28339188,11.85325296
0.09375000,30.08610010,18.28339188,11.80270822
0.09375000,30.60489893,18.28339188,12.32150705
0.09375000,32.23186731,18.28339188,13.94847543
0.09375000,32.29957819,18.28339188,14.01618631
0.09375000,29.57969904,18.28339188,11.29630716
0.09375000,31.32015467,18.28339188,13.03676278
0.09375000,30.55053949,18.28339188,12.26714761
0.09375000,30.80326319,18.28339188,12.51987130
0.09375000,31.45080805,18.28339188,13.16741617
0.09375000,29.21348810,18.28339188,10.93009622
0.09375000,31.80462122,18.28339188,13.52122934
0.09375000,30.60775995,18.28339188,12.32436807
0.09375000,31.95244074,18.28339188,13.66904886
0.09375000,31.80366755,18.28339188,13.52027566
0.12500000,39.51108456,14.15685264,25.35423192
0.12500000,38.68520260,14.15685264,24.52834996
0.12500000,42.64295101,14.15685264,28.48609837
0.12500000,36.86463833,14.15685264,22.70778569
0.12500000,37.50455379,14.15685264,23.34770115
0.12500000,38.02907467,14.15685264,23.87222203
0.12500000,37.25659847,14.15685264,23.09974583
0.12500000,40.09854794,14.15685264,25.94169530
0.12500000,40.64595699,14.15685264,26.48910435
0.12500000,40.03942013,14.15685264,25.88256749
0.12500000,38.01763058,14.15685264,23.86077794
0.12500000,40.02416134,14.15685264,25.86730870
0.12500000,39.67320919,14.15685264,25.51635655
0.12500000,39.03424740,14.15685264,24.87739476
0.12500000,43.12932491,14.15685264,28.97247227
0.12500000,37.29665279,14.15685264,23.13980015
0.12500000,38.28084469,14.15685264,24.12399205
0.12500000,41.49186611,14.15685264,27.33501347
0.12500000,38.43152523,14.15685264,24.27467259
0.12500000,37.34719753,14.15685264,23.19034489
0.12500000,39.10577297,14.15685264,24.94892033
0.12500000,40.10045528,14.15685264,25.94360264
0.12500000,41.83423519,14.15685264,27.67738255
0.12500000,38.52593899,14.15685264,24.36908635
0.12500000,39.10005093,14.15685264,24.94319829
0.12500000,39.18778896,14.15685264,25.03093632
0.12500000,41.17810726,14.15685264,27.02125462
0.12500000,38.46967220,14.15685264,24.31281956
0.12500000,37.71722317,14.15685264,23.56037053
0.12500000,38.74623775,14.15685264,24.58938511
0.12500000,40.61639309,14.15685264,26.45954045
0.12500000,39.63410854,14.15685264,25.47725590
0.12500000,37.92130947,14.15685264,23.76445683
0.12500000,40.22729397,14.15685264,26.07044133
0.12500000,39.02280331,14.15685264,24.86595067
0.12500000,39.45481777,14.15685264,25.29796513
0.12500000,36.63671017,14.15685264,22.47985753
0.12500000,40.37034512,14.15685264,26.21349248
0.12500000,39.80672359,14.15685264,25.64987095
0.12500000,41.38123989,14.15685264,27.22438725
0.12500000,38.86735439,14.15685264,24.71050175
0.12500000,39.30795193,14.15685264,25.15109929
0.12500000,40.84718227,14.15685264,26.69032963
0.12500000,38.86258602,14.15685264,24.70573338
0.12500000,40.03274441,14.15685264,25.87589177
0.12500000,40.67265987,14.15685264,26.51580723
0.12500000,35.95197201,14.15685264,21.79511937
0.12500000,38.40196133,14.15685264,24.24510869
0.12500000,37.69052029,14.15685264,23.53366765
0.12500000,38.23888302,14.15685264,24.08203038
0.12500000,40.15862942,14.15685264,26.00177678
0.12500000,39.71230984,14.15685264,25.55545720
0.12500000,41.24104977,14.15685264,27.08419713
0.12500000,38.63847256,14.15685264,24.48161992
0.12500000,39.72756863,14.15685264,25.57071599
0.12500000,35.60864925,14.15685264,21.45179661
0.12500000,38.19119930,14.15685264,24.03434666
0.12500000,39.34705257,14.15685264,25.19019993
0.15625000,44.73996162,10.03031340,34.70964823
0.15625000,45.75371742,10.03031340,35.72340403
0.15625000,47.53613472,10.03031340,37.50582132
0.15625000,44.98219490,10.03031340,34.95188150
0.15625000,46.51570320,10.03031340,36.48538980
0.15625000,46.26679420,10.03031340,36.23648081
0.15625000,45.83096504,10.03031340,35.80065164
0.15625000,45.10807991,10.03031340,35.07776651
0.15625000,46.13518715,10.03031340,36.10487375
0.15625000,45.01271248,10.03031340,34.98239908
0.15625000,46.64349556,10.03031340,36.61318216
0.15625000,47.80888557,10.03031340,37.77857218
0.15625000,44.49391365,10.03031340,34.46360025
0.15625000,45.99118233,10.03031340,35.96086893
0.15625000,44.22116280,10.03031340,34.19084940
0.15625000,45.79472542,10.03031340,35.76441202
0.15625000,44.63028908,10.03031340,34.59997568
0.15625000,42.57035255,10.03031340,32.54003916
0.15625000,45.06993294,10.03031340,35.03961954
0.15625000,48.00820351,10.03031340,37.97789011
0.15625000,42.22416878,10.03031340,32.19385538
0.15625000,47.04880714,10.03031340,37.01849375
0.15625000,47.07551003,10.03031340,37.04519663
0.15625000,45.38559914,10.03031340,35.35528574
0.15625000,46.00358009,10.03031340,35.97326670
0.15625000,43.70903969,10.03031340,33.67872629
0.15625000,47.33967781,10.03031340,37.30936441
0.15625000,44.28029060,10.03031340,34.24997721
0.15625000,47.63054848,10.03031340,37.60023508
0.15625000,47.03164101,10.03031340,37.00132761
0.15625000,49.29184914,10.03031340,39.26153574
0.15625000,46.37074471,10.03031340,36.34043131
0.15625000,43.26653481,10.03031340,33.23622141
0.15625000,45.90249062,10.03031340,35.87217722
0.15625000,44.28792000,10.03031340,34.25760660
0.15625000,43.63179207,10.03031340,33.60147867
0.15625000,46.34118080,10.03031340,36.31086740
0.15625000,41.83411598,10.03031340,31.80380258
0.15625000,43.99228096,10.03031340,33.96196756
0.15625000,46.25630379,10.03031340,36.22599039
0.15625000,45.53723335,10.03031340,35.50691996
0.15625000,46.41556740,10.03031340,36.38525400
0.15625000,45.87006569,10.03031340,35.83975229
0.15625000,44.80671883,10.03031340,34.77640543
0.15625000,44.03519630,10.03031340,34.00488291
0.15625000,44.83819008,10.03031340,34.80787668
0.15625000,49.57699776,10.03031340,39.54668436
0.15625000,45.78900337,10.03031340,35.75868997
0.15625000,49.36909676,10.03031340,39.33878336
0.15625000,43.11203957,10.03031340,33.08172617
0.15625000,47.87850380,10.03031340,37.84819040
0.15625000,49.07059669,10.03031340,39.04028330
0.15625000,44.50058937,10.03031340,34.47027597
0.15625000,45.76420784,10.03031340,35.73389444
0.15625000,46.09513283,10.03031340,36.06481943
0.15625000,46.44894600,10.03031340,36.41863260
0.15625000,44.97838020,10.03031340,34.94806681
0.15625000,44.20781136,10.03031340,34.17749796
0.15625000,45.58873177,10.03031340,35.55841837
0.15625000,46.78463936,10.03031340,36.75432596
0.15625000,47.30343819,10.03031340,37.27312479
0.15625000,42.38247871,10.03031340,32.35216532
0.15625000,44.58546638,10.03031340,34.55515299
0.18750000,50.98831654,5.90377415,45.08454238
0.18750000,49.25930500,5.90377415,43.35553085
0.18750000,51.24390125,5.90377415,45.34012710
0.18750000,50.59540272,5.90377415,44.69162856
0.18750000,50.86719990,5.90377415,44.96342574
0.18750000,49.50153828,5.90377415,43.59776412
0.18750000,48.79868031,5.90377415,42.89490615
0.18750000,49.84104633,5.90377415,43.93727218
0.18750000,52.25861073,5.90377415,46.35483657
0.18750000,51.59103870,5.90377415,45.68726455
0.18750000,54.04484272,5.90377415,48.14106857
0.18750000,53.83408070,5.90377415,47.93030654
0.18750000,54.42440510,5.90377415,48.52063094
0.18750000,53.03394794,5.90377415,47.13017379
0.18750000,51.08082294,5.90377415,45.17704879
0.18750000,47.90890217,5.90377415,42.00512801
0.18750000,46.37539387,5.90377415,40.47161971
0.18750000,54.77917194,5.90377415,48.87539779
0.18750000,48.11775684,5.90377415,42.21398269
0.18750000,51.61678791,5.90377415,45.71301376
0.18750000,51.94294453,5.90377415,46.03917037
0.18750000,48.93791676,5.90377415,43.03414260
0.18750000,49.97837543,5.90377415,44.07460128
0.18750000,48.29037189,5.90377415,42.38659774
0.18750000,49.26979542,5.90377415,43.36602126
0.18750000,51.91719532,5.90377415,46.01342117
0.18750000,51.52523518,5.90377415,45.62146102
0.18750000,51.75507069,5.90377415,45.85129653
0.18750000,51.44798756,5.90377415,45.54421340
0.18750000,50.98164082,5.90377415,45.07786666
0.18750000,52.35683918,5.90377415,46.45306503
0.18750000,51.72550678,5.90377415,45.82173263
0.18750000,51.38313770,5.90377415,45.47936355
0.18750000,53.34866047,5.90377415,47.44488631
0.18750000,48.85780811,5.90377415,42.95403396
0.18750000,48.41339588,5.90377415,42.50962173
0.18750000,52.08408833,5.90377415,46.18031417
0.18750000,47.15073109,5.90377415,41.24695693
0.18750000,51.84471607,5.90377415,45.94094192
0.18750000,50.73368549,5.90377415,44.82991134
0.18750000,51.94580555,5.90377415,46.04203139
0.18750000,52.04498768,5.90377415,46.14121352
0.18750000,48.08723927,5.90377415,42.18346511
0.18750000,46.96857929,5.90377415,41.06480514
0.18750000,48.65467548,5.90377415,42.75090133
0.18750000,44.89815235,5.90377415,38.99437820
0.18750000,51.59771442,5.90377415,45.69394027
0.18750000,51.14662647,5.90377415,45.24285232
0.18750000,47.45972157,5.90377415,41.55594741
0.18750000,50.75371265,5.90377415,44.84993850
0.18750000,52.84416676,5.90377415,46.94039260
0.18750000,48.66707325,5.90377415,42.76329910
0.18750000,50.34267902,5.90377415,44.43890487
0.18750000,47.11258411,5.90377415,41.20880996
0.18750000,49.88682270,5.90377415,43.98304855
0.18750000,52.73067951,5.90377415,46.82690536
0.18750000,49.69131947,5.90377415,43.78754531
0.18750000,52.57618427,5.90377415,46.67241012
0.18750000,49.38995838,5.90377415,43.48618423
0.18750000,53.60424519,5.90377415,47.70047103
0.18750000,50.74608326,5.90377415,44.84230910
0.18750000,51.42128468,5.90377415,45.51751052
0.21875000,55.02116680,1.77723491,53.24393189
0.21875000,55.89663982,1.77723491,54.11940491
0.21875000,56.98764324,1.77723491,55.21040833
0.21875000,52.10196972,1.77723491,50.32473481
0.21875000,54.60441113,1.77723491,52.82717621
0.21875000,57.90507793,1.77723491,56.12784302
0.21875000,54.22294140,1.77723491,52.44570649
0.21875000,55.01544476,1.77723491,53.23820984
0.21875000,54.17335033,1.77723491,52.39611542
0.21875000,53.32839489,1.77723491,51.55115998
0.21875000,54.50427532,1.77723491,52.72704041
0.21875000,56.00345135,1.77723491,54.22621644
0.21875000,54.37552929,1.77723491,52.59829438
0.21875000,56.97429180,1.77723491,55.19705689
0.21875000,60.33694744,1.77723491,58.55971253
0.21875000,53.64024639,1.77723491,51.86301148
0.21875000,56.56230450,1.77723491,54.78506958
0.21875000,57.85834789,1.77723491,56.08111298
0.21875000,55.45890331,1.77723491,53.68166840
0.21875000,59.74376202,1.77723491,57.96652710
0.21875000,52.52540112,1.77723491,50.74816620
0.21875000,55.11462688,1.77723491,53.33739197
0.21875000,57.67619610,1.77723491,55.89896119
0.21875000,57.23178387,1.77723491,55.45454895
0.21875000,56.48887157,1.77723491,54.71163666
0.21875000,56.89609051,1.77723491,55.11885560
0.21875000,57.78491497,1.77723491,56.00768006
0.21875000,51.08058453,1.77723491,49.30334961
0.21875000,54.46898937,1.77723491,52.69175446
0.21875000,52.98793316,1.77723491,51.21069825
0.21875000,57.84881115,1.77723491,56.07157624
0.21875000,57.43682384,1.77723491,55.65958893
0.21875000,55.04119396,1.77723491,53.26395905
0.21875000,58.54117870,1.77723491,56.76394379
0.21875000,52.10673809,1.77723491,50.32950318
0.21875000,53.83765697,1.77723491,52.06042206
0.21875000,54.25059795,1.77723491,52.47336304
0.21875000,54.41653728,1.77723491,52.63930237
0.21875000,51.40292645,1.77723491,49.62569153
0.21875000,53.82049084,1.77723491,52.04325593
0.21875000,55.25386333,1.77723491,53.47662842
0.21875000,52.62458324,1.77723491,50.84734833
0.21875000,56.98192120,1.77723491,55.20468628
0.21875000,53.47144604,1.77723491,51.69421113
0.21875000,54.11040783,1.77723491,52.33317292
0.21875000,54.72934246,1.77723491,52.95210755
0.21875000,51.52690411,1.77723491,49.74966919
0.21875000,53.88534069,1.77723491,52.10810578
0.21875000,53.87675762,1.77723491,52.09952271
0.21875000,59.06093121,1.77723491,57.28369629
0.21875000,53.09474468,1.77723491,51.31750977
0.21875000,55.80508709,1.77723491,54.02785218
0.21875000,56.34772778,1.77723491,54.57049286
0.21875000,54.24392223,1.77723491,52.46668732
0.21875000,54.73029613,1.77723491,52.95306122
0.21875000,55.89663982,1.77723491,54.11940491
0.21875000,58.30276012,1.77723491,56.52552521
0.21875000,55.64773083,1.77723491,53.87049592
0.21875000,59.51201916,1.77723491,57.73478425
0.21875000,54.67402935,1.77723491,52.89679444
0.21875000,54.28397655,1.77723491,52.50674164
0.25000000,56.63466454,-2.34930433,58.98396887
0.25000000,55.59039116,-2.34930433,57.93969549
0.25000000,58.66885185,-2.34930433,61.01815618
0.25000000,55.06205559,-2.34930433,57.41135992
0.25000000,55.72581291,-2.34930433,58.07511724
0.25000000,55.16982079,-2.34930433,57.51912512
0.25000000,55.87363243,-2.34930433,58.22293676
0.25000000,57.83438683,-2.34930433,60.18369116
0.25000000,59.56435204,-2.34930433,61.91365637
0.25000000,58.48860741,-2.34930433,60.83791174
0.25000000,60.63342094,-2.34930433,62.98272528
0.25000000,59.02838707,-2.34930433,61.37769140
0.25000000,56.52594566,-2.34930433,58.87524999
0.25000000,57.54637718,-2.34930433,59.89568151
0.25000000,58.55441093,-2.34930433,60.90371527
0.25000000,54.58331108,-2.34930433,56.93261541
0.25000000,57.43098259,-2.34930433,59.78028692
0.25000000,60.03642082,-2.34930433,62.38572515
0.25000000,61.49458885,-2.34930433,63.84389318
0.25000000,58.54773521,-2.34930433,60.89703955
0.25000000,54.91328239,-2.34930433,57.26258673
0.25000000,58.59637260,-2.34930433,60.94567694
0.25000000,55.30142784,-2.34930433,57.65073217
0.25000000,53.55143547,-2.34930433,55.90073980
0.25000000,57.28030205,-2.34930433,59.62960638
0.25000000,53.27773094,-2.34930433,55.62703527
0.25000000,58.44473839,-2.34930433,60.79404272
0.25000000,61.90848351,-2.34930433,64.25778784
0.25000000,55.30047417,-2.34930433,57.64977850
0.25000000,54.09502983,-2.34930433,56.44433416
0.25000000,54.14080620,-2.34930433,56.49011053
0.25000000,57.18016624,-2.34930433,59.52947058
0.25000000,58.12239647,-2.34930433,60.47170080
0.25000000,58.72702599,-2.34930433,61.07633032
0.25000000,57.73711205,-2.34930433,60.08641638
0.25000000,61.15984917,-2.34930433,63.50915350
0.25000000,57.85536766,-2.34930433,60.20467199
0.25000000,59.74268913,-2.34930433,62.09199346
0.25000000,55.76777458,-2.34930433,58.11707891
0.25000000,56.77866936,-2.34930433,59.12797369
0.25000000,61.19227409,-2.34930433,63.54157842
0.25000000,56.83970451,-2.34930433,59.18900884
0.25000000,62.45875359,-2.34930433,64.80805792
0.25000000,56.18262291,-2.34930433,58.53192724
0.25000000,59.80753899,-2.34930433,62.15684332
0.25000000,60.79363823,-2.34930433,63.14294256
0.25000000,57.76476860,-2.34930433,60.11407293
0.28125000,60.57810783,-6.47584357,67.05395141
0.28125000,61.38968468,-6.47584357,67.86552825
0.28125000,57.58166313,-6.47584357,64.05750671
0.28125000,61.26189232,-6.47584357,67.73773589
0.28125000,60.39786339,-6.47584357,66.87370696
0.28125000,61.94186211,-6.47584357,68.41770568
0.28125000,58.88247490,-6.47584357,65.35831847
0.28125000,60.44745445,-6.47584357,66.92329803
0.28125000,62.16788292,-6.47584357,68.64372649
0.28125000,63.21692467,-6.47584357,69.69276824
0.28125000,60.38546562,-6.47584357,66.86130920
0.28125000,61.17701530,-6.47584357,67.65285888
0.28125000,58.98833275,-6.47584357,65.46417632
0.28125000,56.03480339,-6.47584357,62.51064696
0.28125000,62.81828880,-6.47584357,69.29413238
0.28125000,54.70728874,-6.47584357,61.18313232
0.28125000,49.61848259,-6.47584357,56.09432616
0.28125000,60.62293053,-6.47584357,67.09877410
0.28125000,58.03179741,-6.47584357,64.50764098
0.28125000,58.30550194,-6.47584357,64.78134551
0.28125000,61.38110161,-6.47584357,67.85694518
0.28125000,63.95220757,-6.47584357,70.42805114
0.28125000,59.45277214,-6.47584357,65.92861571
0.28125000,56.51354790,-6.47584357,62.98939147
0.28125000,57.93261528,-6.47584357,64.40845885
0.28125000,57.69515038,-6.47584357,64.17099395
0.28125000,62.16025352,-6.47584357,68.63609710
0.28125000,61.51747704,-6.47584357,67.99332061
0.28125000,53.33495140,-6.47584357,59.81079497
0.28125000,57.02471733,-6.47584357,63.50056090
0.28125000,64.92972374,-6.47584357,71.40556731
0.28125000,57.09624290,-6.47584357,63.57208648
0.28125000,58.74800682,-6.47584357,65.22385039
0.28125000,56.12349510,-6.47584357,62.59933868
0.28125000,59.14568901,-6.47584357,65.62153258
0.28125000,59.60059166,-6.47584357,66.07643523
0.28125000,63.37523460,-6.47584357,69.85107818
0.28125000,57.38329887,-6.47584357,63.85914245
0.28125000,60.50562859,-6.47584357,66.98147216
0.28125000,52.09612846,-6.47584357,58.57197204
0.28125000,57.19923973,-6.47584357,63.67508330
0.28125000,62.10875511,-6.47584357,68.58459869
0.28125000,60.81843376,-6.47584357,67.29427734
0.28125000,60.42647362,-6.47584357,66.90231719
0.28125000,63.12537193,-6.47584357,69.60121551
0.28125000,56.46491051,-6.47584357,62.94075408
0.28125000,56.91218376,-6.47584357,63.38802734
0.28125000,60.45985222,-6.47584357,66.93569579
0.28125000,63.87305260,-6.47584357,70.34889617
0.28125000,58.98833275,-6.47584357,65.46417632
0.28125000,62.17169762,-6.47584357,68.64754119
0.28125000,52.20007896,-6.47584357,58.67592254
0.28125000,57.29937553,-6.47584357,63.77521911
0.28125000,61.59186363,-6.47584357,68.06770721
0.31250000,62.20865250,-10.60238282,72.81103531
0.31250000,57.53374100,-10.60238282,68.13612381
0.31250000,64.15128708,-10.60238282,74.75366990
0.31250000,60.22596359,-10.60238282,70.82834641
0.31250000,59.67569351,-10.60238282,70.27807633
0.31250000,61.14721298,-10.60238282,71.74959580
0.31250000,62.53862381,-10.60238282,73.14100663
0.31250000,60.79626083,-10.60238282,71.39864365
0.31250000,57.89804459,-10.60238282,68.50042740
0.31250000,62.45660782,-10.60238282,73.05899064
0.31250000,64.72349167,-10.60238282,75.32587449
0.31250000,61.02514267,-10.60238282,71.62752549
0.31250000,63.96341324,-10.60238282,74.56579605
0.31250000,54.52394485,-10.60238282,65.12632767
0.31250000,56.77366257,-10.60238282,67.37604538
0.31250000,58.87079239,-10.60238282,69.47317521
0.31250000,60.78672409,-10.60238282,71.38910691
0.31250000,62.94298172,-10.60238282,73.54536454
0.31250000,56.41698837,-10.60238282,67.01937119
0.31250000,59.16643143,-10.60238282,69.76881424
0.31250000,60.18781662,-10.60238282,70.79019944
0.31250000,61.27691269,-10.60238282,71.87929551
0.31250000,61.33794785,-10.60238282,71.94033066
0.31250000,58.80022049,-10.60238282,69.40260331
0.31250000,54.96263504,-10.60238282,65.56501786
0.31250000,60.90307236,-10.60238282,71.50545517
0.31250000,62.46614456,-10.60238282,73.06852738
0.31250000,62.44993210,-10.60238282,73.05231491
0.31250000,59.49354172,-10.60238282,70.09592453
0.31250000,64.19229507,-10.60238282,74.79467789
0.31250000,54.62884903,-10.60238282,65.23123185
0.31250000,58.19368362,-10.60238282,68.79606644
0.31250000,61.94734573,-10.60238282,72.54972855
0.31250000,60.14394760,-10.60238282,70.74633042
0.31250000,57.10268021,-10.60238282,67.70506302
0.31250000,51.83172226,-10.60238282,62.43410508
0.31250000,57.61194229,-10.60238282,68.21432511
0.31250000,59.62610245,-10.60238282,70.22848526
0.31250000,63.93003464,-10.60238282,74.53241745
0.31250000,60.07337570,-10.60238282,70.67575852
0.31250000,63.15565109,-10.60238282,73.75803391
0.31250000,57.36207962,-10.60238282,67.96446244
0.31250000,59.67092514,-10.60238282,70.27330796
0.31250000,64.08262253,-10.60238282,74.68500534
0.31250000,59.49640274,-10.60238282,70.09878556
0.31250000,60.44340134,-10.60238282,71.04578415
0.31250000,61.02323532,-10.60238282,71.62561814
0.31250000,59.61084366,-10.60238282,70.21322647
0.31250000,55.70840836,-10.60238282,66.31079117
0.31250000,61.07854843,-10.60238282,71.68093125
0.31250000,64.07976151,-10.60238282,74.68214432
0.31250000,58.82787704,-10.60238282,69.43025986
0.31250000,61.25116348,-10.60238282,71.85354630
0.31250000,62.61777878,-10.60238282,73.22016159
0.31250000,59.40008163,-10.60238282,70.00246445
0.31250000,63.75646591,-10.60238282,74.35884873
0.31250000,64.63003159,-10.60238282,75.23241440
0.31250000,61.42187119,-10.60238282,72.02425400
0.31250000,56.14995956,-10.60238282,66.75234238
0.31250000,61.55920029,-10.60238282,72.16158310
0.31250000,60.75429916,-10.60238282,71.35668198
0.34375000,61.32197380,-14.72892206,76.05089586
0.34375000,64.83721733,-14.72892206,79.56613939
0.34375000,66.81609154,-14.72892206,81.54501360
0.34375000,59.85808372,-14.72892206,74.58700578
0.34375000,63.65370750,-14.72892206,78.38262956
0.34375000,64.06760216,-14.72892206,78.79652422
0.34375000,61.08641624,-14.72892206,75.81533830
0.34375000,61.90657616,-14.72892206,76.63549822
0.34375000,62.96324730,-14.72892206,77.69216936
0.34375000,57.57784843,-14.72892206,72.30677049
0.34375000,61.51080132,-14.72892206,76.23972337
0.34375000,59.13329124,-14.72892206,73.86221330
0.34375000,59.40032005,-14.72892206,74.12924211
0.34375000,60.27388573,-14.72892206,75.00280779
0.34375000,59.04078484,-14.72892206,73.76970689
0.34375000,57.72185326,-14.72892206,72.45077532
0.34375000,66.22195244,-14.72892206,80.95087450
0.34375000,56.23030663,-14.72892206,70.95922868
0.34375000,58.77947807,-14.72892206,73.50840013
0.34375000,58.34937096,-14.72892206,73.07829302
0.34375000,62.29567528,-14.72892206,77.02459734
0.34375000,55.55319786,-14.72892206,70.28211992
0.34375000,58.88152122,-14.72892206,73.61044328
0.34375000,55.94611168,-14.72892206,70.67503374
0.34375000,60.86897850,-14.72892206,75.59790056
0.34375000,60.40930748,-14.72892206,75.13822954
0.34375000,63.87114525,-14.72892206,78.60006731
0.34375000,55.88030815,-14.72892206,70.60923021
0.34375000,62.18791008,-14.72892206,76.91683214
0.34375000,59.60536003,-14.72892206,74.33428209
0.34375000,57.29174614,-14.72892206,72.02066820
0.34375000,56.66804314,-14.72892206,71.39696520
0.34375000,60.85085869,-14.72892206,75.57978075
0.34375000,61.08450890,-14.72892206,75.81343096
0.34375000,64.52155113,-14.72892206,79.25047319
0.34375000,62.58273125,-14.72892206,77.31165331
0.34375000,59.85045433,-14.72892206,74.57937639
0.34375000,60.00208855,-14.72892206,74.73101061
0.34375000,58.87007713,-14.72892206,73.59899919
0.34375000,61.49268150,-14.72892206,76.22160356
0.34375000,62.14022636,-14.72892206,76.86914842
0.34375000,61.37824059,-14.72892206,76.10716264
0.34375000,60.24622917,-14.72892206,74.97515123
0.34375000,58.86530876,-14.72892206,73.59423082
0.34375000,60.31489372,-14.72892206,75.04381578
0.34375000,62.96515465,-14.72892206,77.69407671
0.34375000,59.76462364,-14.72892206,74.49354570
0.34375000,61.28668785,-14.72892206,76.01560991
0.34375000,58.24732780,-14.72892206,72.97624986
0.34375000,62.41869926,-14.72892206,77.14762132
0.34375000,61.16366386,-14.72892206,75.89258592
0.34375000,61.10739708,-14.72892206,75.83631914
0.34375000,61.73014641,-14.72892206,76.45906847
0.34375000,62.03627586,-14.72892206,76.76519792
0.34375000,61.35916710,-14.72892206,76.08808916
0.34375000,62.97850609,-14.72892206,77.70742815
0.34375000,56.16259575,-14.72892206,70.89151781
0.34375000,55.11355400,-14.72892206,69.84247606
0.34375000,64.28408623,-14.72892206,79.01300829
0.34375000,59.87238884,-14.72892206,74.60131090
0.34375000,60.79649925,-14.72892206,75.52542131
0.37500000,63.48013878,-18.85546130,82.33560008
0.37500000,63.91501427,-18.85546130,82.77047557
0.37500000,55.04584312,-18.85546130,73.90130443
0.37500000,55.74679375,-18.85546130,74.60225505
0.37500000,57.77144432,-18.85546130,76.62690562
0.37500000,60.42075157,-18.85546130,79.27621287
0.37500000,58.84432793,-18.85546130,77.69978923
0.37500000,57.96408653,-18.85546130,76.81954783
0.37500000,61.09595299,-18.85546130,79.95141429
0.37500000,58.94637108,-18.85546130,77.80183238
0.37500000,59.08942223,-18.85546130,77.94488353
0.37500000,59.86857414,-18.85546130,78.72403544
0.37500000,56.64896965,-18.85546130,75.50443095
0.37500000,55.99474907,-18.85546130,74.85021037
0.37500000,62.44254112,-18.85546130,81.29800242
0.37500000,58.34364891,-18.85546130,77.19911021
0.37500000,59.74459648,-18.85546130,78.60005778
0.37500000,57.84773827,-18.85546130,76.70319957
0.37500000,59.03792381,-18.85546130,77.89338511
0.37500000,53.30634117,-18.85546130,72.16180247
0.37500000,57.00659752,-18.85546130,75.86205882
0.37500000,57.95931816,-18.85546130,76.81477946
0.37500000,54.78930473,-18.85546130,73.64476604
0.37500000,54.26764488,-18.85546130,73.12310618
0.37500000,58.09187889,-18.85546130,76.94734019
0.37500000,55.87363243,-18.85546130,74.72909373
0.37500000,62.05916405,-18.85546130,80.91462535
0.37500000,56.75864220,-18.85546130,75.61410350
0.37500000,59.07225609,-18.85546130,77.92771739
0.37500000,59.52239037,-18.85546130,78.37785167
0.37500000,55.18221855,-18.85546130,74.03767985
0.37500000,60.07170677,-18.85546130,78.92716807
0.37500000,55.54366112,-18.85546130,74.39912242
0.37500000,61.62810326,-18.85546130,80.48356456
0.37500000,56.53738976,-18.85546130,75.39285106
0.37500000,60.61816216,-18.85546130,79.47362346
0.37500000,52.11806297,-18.85546130,70.97352427
0.37500000,54.54039574,-18.85546130,73.39585704
0.37500000,61.00249290,-18.85546130,79.85795421
0.37500000,61.28287315,-18.85546130,80.13833446
0.37500000,59.77988243,-18.85546130,78.63534373
0.37500000,61.28001213,-18.85546130,80.13547343
0.37500000,53.57050896,-18.85546130,72.42597026
0.37500000,60.23955345,-18.85546130,79.09501475
0.37500000,60.34731865,-18.85546130,79.20277995
0.37500000,61.17033958,-18.85546130,80.02580089
0.37500000,58.25114250,-18.85546130,77.10660380
0.37500000,54.48889732,-18.85546130,73.34435863
0.37500000,59.53383446,-18.85546130,78.38929576
0.37500000,56.65564537,-18.85546130,75.51110667
0.37500000,60.89377403,-18.85546130,79.74923533
0.37500000,60.89854240,-18.85546130,79.75400371
0.37500000,58.95400047,-18.85546130,77.80946177
0.37500000,61.60235405,-18.85546130,80.45781535
0.37500000,57.53016472,-18.85546130,76.38562602
0.37500000,54.78453636,-18.85546130,73.63999766
0.37500000,59.22675133,-18.85546130,78.08221263
0.37500000,55.24230003,-18.85546130,74.09776134
0.37500000,61.83505058,-18.85546130,80.69051188
0.03125000,12.17350364,26.53647037,-14.36296673
0.03125000,11.97323203,26.53647037,-14.56323834
0.03125000,11.69857383,26.53647037,-14.83789654
0.03125000,11.80347800,26.53647037,-14.73299237
0.03125000,10.97473502,26.53647037,-15.56173535
0.03125000,12.11056113,26.53647037,-14.42590924
0.03125000,12.19543815,26.53647037,-14.34103222
0.03125000,11.04149222,26.53647037,-15.49497814
0.03125000,11.67473197,26.53647037,-14.86173840
0.03125000,11.59462333,26.53647037,-14.94184704
0.03125000,10.55416465,26.53647037,-15.98230572
0.03125000,12.10960746,26.53647037,-14.42686291
0.03125000,11.73481345,26.53647037,-14.80165692
0.03125000,11.80157065,26.53647037,-14.73489971
0.03125000,12.04380393,26.53647037,-14.49266644
0.03125000,11.58508658,26.53647037,-14.95138378
0.03125000,12.06859946,26.53647037,-14.46787091
0.03125000,11.07677817,26.53647037,-15.45969220
0.03125000,11.57364249,26.53647037,-14.96282788
0.03125000,11.52309775,26.53647037,-15.01337262
0.03125000,10.82405448,26.53647037,-15.71241589
0.03125000,12.10483909,26.53647037,-14.43163128
0.03125000,10.82596183,26.53647037,-15.71050854
0.03125000,11.42010093,26.53647037,-15.11636944
0.03125000,11.83208823,26.53647037,-14.70438214
0.03125000,12.15252280,26.53647037,-14.38394757
0.03125000,11.02623343,26.53647037,-15.51023693
0.03125000,11.30947471,26.53647037,-15.22699566
0.03125000,11.62704825,26.53647037,-14.90942211
0.03125000,11.84257865,26.53647037,-14.69389172
0.03125000,11.04149222,26.53647037,-15.49497814
0.03125000,12.10197806,26.53647037,-14.43449230
0.03125000,10.79735160,26.53647037,-15.73911877
0.03125000,11.65565848,26.53647037,-14.88081189
0.03125000,11.82541251,26.53647037,-14.71105786
0.03125000,11.52119040,26.53647037,-15.01527996
0.03125000,11.99898124,26.53647037,-14.53748913
0.03125000,11.49544120,26.53647037,-15.04102917
0.03125000,11.99516654,26.53647037,-14.54130383
0.03125000,11.55075431,26.53647037,-14.98571606
0.03125000,11.67759299,26.53647037,-14.85887738
0.03125000,11.89789176,26.53647037,-14.63857861
0.03125000,11.72432303,26.53647037,-14.81214733
0.03125000,12.04094291,26.53647037,-14.49552746
0.03125000,11.87023520,26.53647037,-14.66623516
0.03125000,12.04952598,26.53647037,-14.48694439
0.03125000,11.90742850,26.53647037,-14.62904187
0.03125000,12.28412986,26.53647037,-14.25234051
0.03125000,11.83018088,26.53647037,-14.70628949
0.03125000,11.66805625,26.53647037,-14.86841412
0.03125000,10.66669822,26.53647037,-15.86977215
0.40625000,55.23347855,-22.98200054,78.21547909
0.40625000,62.21532822,-22.98200054,85.19732876
0.40625000,59.50880051,-22.98200054,82.49080105
0.40625000,52.95228958,-22.98200054,75.93429013
0.40625000,56.21671677,-22.98200054,79.19871731
0.40625000,60.20689011,-22.98200054,83.18889065
0.40625000,56.64682388,-22.98200054,79.62882443
0.40625000,55.45663834,-22.98200054,78.43863888
0.40625000,55.44424057,-22.98200054,78.42624111
0.40625000,59.84830856,-22.98200054,82.83030911
0.40625000,53.88593674,-22.98200054,76.86793728
0.40625000,51.01060867,-22.98200054,73.99260922
0.40625000,60.02473831,-22.98200054,83.00673886
0.40625000,57.11793900,-22.98200054,80.09993954
0.40625000,61.23018265,-22.98200054,84.21218319
0.40625000,55.03416061,-22.98200054,78.01616116
0.40625000,57.26480484,-22.98200054,80.24680538
0.40625000,58.53796005,-22.98200054,81.51996060
0.40625000,62.17241287,-22.98200054,85.15441342
0.40625000,58.57133865,-22.98200054,81.55333920
0.40625000,56.41603470,-22.98200054,79.39803524
0.40625000,56.39886856,-22.98200054,79.38086911
0.40625000,59.95321274,-22.98200054,82.93521328
0.40625000,55.17911911,-22.98200054,78.16111965
0.40625000,55.89818954,-22.98200054,78.88019009
0.40625000,56.68687820,-22.98200054,79.66887875
0.40625000,59.98563766,-22.98200054,82.96763821
0.40625000,57.03401566,-22.98200054,80.01601620
0.40625000,60.52637100,-22.98200054,83.50837155
0.40625000,56.34164810,-22.98200054,79.32364865
0.40625000,61.34271622,-22.98200054,84.32471676
0.40625000,56.20431900,-22.98200054,79.18631954
0.40625000,57.74354935,-22.98200054,80.72554989
0.40625000,57.13319778,-22.98200054,80.11519833
0.40625000,54.53538895,-22.98200054,77.51738949
0.40625000,60.99748611,-22.98200054,83.97948666
0.40625000,54.96072769,-22.98200054,77.94272824
0.40625000,58.55798721,-22.98200054,81.53998776
0.40625000,55.16195297,-22.98200054,78.14395352
0.40625000,55.27734756,-22.98200054,78.25934811
0.40625000,57.91330338,-22.98200054,80.89530392
0.40625000,57.09123611,-22.98200054,80.07323666
0.40625000,59.14545059,-22.98200054,82.12745114
0.40625000,58.30526352,-22.98200054,81.28726406
0.40625000,57.40308762,-22.98200054,80.38508816
0.40625000,51.91755295,-22.98200054,74.89955349
0.40625000,59.92746353,-22.98200054,82.90946408
0.40625000,54.97503281,-22.98200054,77.95703335
0.40625000,54.61835861,-22.98200054,77.60035916
0.40625000,57.52229691,-22.98200054,80.50429745
0.40625000,49.87001419,-22.98200054,72.85201474
0.40625000,55.95159531,-22.98200054,78.93359585
0.40625000,62.04462051,-22.98200054,85.02662106
0.43750000,59.54861641,-27.10853979,86.65715620
0.43750000,58.33840370,-27.10853979,85.44694349
0.43750000,61.27858162,-27.10853979,88.38712141
0.43750000,48.32768440,-27.10853979,75.43622419
0.43750000,53.48515511,-27.10853979,80.59369489
0.43750000,59.62681770,-27.10853979,86.73535749
0.43750000,56.12206459,-27.10853979,83.23060438
0.43750000,53.05600166,-27.10853979,80.16454145
0.43750000,52.12330818,-27.10853979,79.23184797
0.43750000,55.29141426,-27.10853979,82.39995405
0.43750000,48.55942726,-27.10853979,75.66796705
0.43750000,59.98635292,-27.10853979,87.09489271
0.43750000,56.79059029,-27.10853979,83.89913007
0.43750000,53.69591713,-27.10853979,80.80445692
0.43750000,58.16102028,-27.10853979,85.26956007
0.43750000,54.01349068,-27.10853979,81.12203046
0.43750000,53.44986916,-27.10853979,80.55840894
0.43750000,53.80654335,-27.10853979,80.91508314
0.43750000,58.51483345,-27.10853979,85.62337324
0.43750000,52.86240578,-27.10853979,79.97094556
0.43750000,53.13992500,-27.10853979,80.24846479
0.43750000,56.05721474,-27.10853979,83.16575452
0.43750000,54.32057381,-27.10853979,81.42911359
0.43750000,53.23243141,-27.10853979,80.34097120
0.43750000,57.24740028,-27.10853979,84.35594007
0.43750000,53.50995064,-27.10853979,80.61849043
0.43750000,62.37626076,-27.10853979,89.48480054
0.43750000,51.40423775,-27.10853979,78.51277753
0.43750000,53.63488197,-27.10853979,80.74342176
0.43750000,59.06510353,-27.10853979,86.17364332
0.43750000,50.88734627,-27.10853979,77.99588606
0.43750000,52.24633217,-27.10853979,79.35487196
0.43750000,55.53555489,-27.10853979,82.64409467
0.43750000,54.00776863,-27.10853979,81.11630842
0.43750000,53.40790749,-27.10853979,80.51644727
0.43750000,55.90844154,-27.10853979,83.01698133
0.43750000,62.50882149,-27.10853979,89.61736127
0.43750000,50.42576790,-27.10853979,77.53430769
0.43750000,51.92780495,-27.10853979,79.03634473
0.43750000,55.76634407,-27.10853979,82.87488386
0.43750000,57.05285072,-27.10853979,84.16139051
0.43750000,52.37507820,-27.10853979,79.48361799
0.43750000,57.44004250,-27.10853979,84.54858228
0.43750000,53.69114876,-27.10853979,80.79968855
0.43750000,58.42423439,-27.10853979,85.53277418
0.43750000,56.25176430,-27.10853979,83.36030408
0.43750000,53.13134193,-27.10853979,80.23988172
0.43750000,53.40123177,-27.10853979,80.50977155
0.43750000,60.05311012,-27.10853979,87.16164991
0.43750000,50.10437965,-27.10853979,77.21291944
0.43750000,54.32534218,-27.10853979,81.43388197
0.43750000,54.09169197,-27.10853979,81.20023176
0.43750000,59.66114998,-27.10853979,86.76968977
0.43750000,54.15368080,-27.10853979,81.26222059
0.43750000,49.49688911,-27.10853979,76.60542890
0.46875000,47.80888557,-31.23507903,79.04396460
0.46875000,52.46186256,-31.23507903,83.69694159
0.46875000,49.70097542,-31.23507903,80.93605445
0.46875000,52.37030983,-31.23507903,83.60538886
0.46875000,50.37999153,-31.23507903,81.61507056
0.46875000,50.47917366,-31.23507903,81.71425269
0.46875000,52.56295204,-31.23507903,83.79803107
0.46875000,44.25454140,-31.23507903,75.48962043
0.46875000,59.72981453,-31.23507903,90.96489356
0.46875000,52.86240578,-31.23507903,84.09748481
0.46875000,52.22153664,-31.23507903,83.45661567
0.46875000,51.07903481,-31.23507903,82.31411384
0.46875000,51.58638954,-31.23507903,82.82146857
0.46875000,51.04374886,-31.23507903,82.27882789
0.46875000,51.37753487,-31.23507903,82.61261390
0.46875000,50.85778236,-31.23507903,82.09286139
0.46875000,50.22644997,-31.23507903,81.46152900
0.46875000,55.32097816,-31.23507903,86.55605719
0.46875000,51.97739601,-31.23507903,83.21247504
0.46875000,53.27916145,-31.23507903,84.51424048
0.46875000,54.24427986,-31.23507903,85.47935889
0.46875000,51.67984962,-31.23507903,82.91492865
0.46875000,55.76920509,-31.23507903,87.00428412
0.46875000,53.43174934,-31.23507903,84.66682837
0.46875000,48.21419716,-31.23507903,79.44927619
0.46875000,43.94268990,-31.23507903,75.17776893
0.46875000,47.26529121,-31.23507903,78.50037024
0.46875000,52.56485939,-31.23507903,83.79993842
0.46875000,54.88038063,-31.23507903,86.11545966
0.46875000,51.54728889,-31.23507903,82.78236792
0.46875000,53.44223976,-31.23507903,84.67731879
0.46875000,48.51746559,-31.23507903,79.75254462
0.46875000,55.20272255,-31.23507903,86.43780158
0.46875000,56.54358864,-31.23507903,87.77866767
0.46875000,49.60560799,-31.23507903,80.84068702
0.46875000,51.97644234,-31.23507903,83.21152137
0.46875000,51.34224892,-31.23507903,82.57732795
0.46875000,49.50547218,-31.23507903,80.74055121
0.46875000,56.45394325,-31.23507903,87.68902228
0.46875000,58.29548836,-31.23507903,89.53056739
0.46875000,55.98855019,-31.23507903,87.22362922
0.46875000,55.48501015,-31.23507903,86.72008918
0.46875000,52.02126503,-31.23507903,83.25634406
0.46875000,53.25341225,-31.23507903,84.48849128
0.46875000,56.86783791,-31.23507903,88.10291694
0.46875000,49.05533791,-31.23507903,80.29041694
0.46875000,46.48995399,-31.23507903,77.72503303
0.46875000,53.16662788,-31.23507903,84.40170691
0.46875000,51.20205879,-31.23507903,82.43713782
0.46875000,50.02808571,-31.23507903,81.26316474
0.46875000,52.36744881,-31.23507903,83.60252784
0.46875000,49.71337318,-31.23507903,80.94845221
0.46875000,52.32071877,-31.23507903,83.55579780
0.46875000,50.08149147,-31.23507903,81.31657050
0.46875000,50.07672310,-31.23507903,81.31180213
0.46875000,49.75438118,-31.23507903,80.98946021
0.46875000,54.65531349,-31.23507903,85.89039252
0.46875000,55.23133278,-31.23507903,86.46641181
0.46875000,47.37877846,-31.23507903,78.61385749
0.46875000,57.87301064,-31.23507903,89.10808967
0.50000000,50.16183853,-35.36161827,85.52345680
0.50000000,44.61812973,-35.36161827,79.97974800
0.50000000,42.21296310,-35.36161827,77.57458138
0.50000000,43.30778122,-35.36161827,78.66939949
0.50000000,48.71892929,-35.36161827,84.08054756
0.50000000,46.00954056,-35.36161827,81.37115883
0.50000000,46.23746872,-35.36161827,81.59908699
0.50000000,43.03789139,-35.36161827,78.39950966
0.50000000,49.30162430,-35.36161827,84.66324257
0.50000000,46.70667648,-35.36161827,82.06829476
0.50000000,47.35994339,-35.36161827,82.72156166
0.50000000,42.99783707,-35.36161827,78.35945534
0.50000000,44.73829269,-35.36161827,80.09991097
0.50000000,48.86770248,-35.36161827,84.22932076
0.50000000,46.18501663,-35.36161827,81.54663491
0.50000000,41.82767868,-35.36161827,77.18929695
0.50000000,52.76250839,-35.36161827,88.12412667
0.50000000,52.26182938,-35.36161827,87.62344765
0.50000000,49.26347733,-35.36161827,84.62509560
0.50000000,45.30000687,-35.36161827,80.66162514
0.50000000,48.31933975,-35.36161827,83.68095803
0.50000000,46.70763016,-35.36161827,82.06924843
0.50000000,52.03104019,-35.36161827,87.39265846
0.50000000,48.41375351,-35.36161827,83.77537178
0.50000000,49.32260513,-35.36161827,84.68422341
0.50000000,51.33390427,-35.36161827,86.69552254
0.50000000,46.54550552,-35.36161827,81.90712380
0.50000000,47.93691635,-35.36161827,83.29853462
0.50000000,46.59795761,-35.36161827,81.95957588
0.50000000,49.33786392,-35.36161827,84.69948220
0.50000000,53.91931534,-35.36161827,89.28093361
0.50000000,53.63416672,-35.36161827,88.99578499
0.50000000,50.12655258,-35.36161827,85.48817085
0.50000000,46.24414444,-35.36161827,81.60576271
0.50000000,49.02982712,-35.36161827,84.39144539
0.50000000,43.92862320,-35.36161827,79.29024147
0.50000000,49.64590073,-35.36161827,85.00751900
0.50000000,47.78814316,-35.36161827,83.14976143
0.50000000,47.12438583,-35.36161827,82.48600411
0.50000000,44.37208176,-35.36161827,79.73370003
0.50000000,46.63228989,-35.36161827,81.99390816
0.50000000,47.57356644,-35.36161827,82.93518471
0.50000000,45.85695267,-35.36161827,81.21857094
0.50000000,47.82438278,-35.36161827,83.18600106
0.50000000,48.76661301,-35.36161827,84.12823128
0.50000000,43.49088669,-35.36161827,78.85250496
0.50000000,45.75872421,-35.36161827,81.12034249
0.50000000,49.85189438,-35.36161827,85.21351265
0.50000000,48.95639420,-35.36161827,84.31801247
0.50000000,36.62633896,-35.36161827,71.98795723
0.50000000,44.27099228,-35.36161827,79.63261055
0.50000000,45.02344131,-35.36161827,80.38505959
0.50000000,46.66662216,-35.36161827,82.02824043
0.50000000,45.80163956,-35.36161827,81.16325783
0.50000000,51.74112320,-35.36161827,87.10274147
0.50000000,49.17287827,-35.36161827,84.53449654
0.50000000,46.21076584,-35.36161827,81.57238411
0.50000000,48.61211777,-35.36161827,83.97373604
0.53125000,47.58596420,-39.48815752,87.07412172
0.53125000,38.19608688,-39.48815752,77.68424440
0.53125000,45.69101334,-39.48815752,85.17917085
0.53125000,46.30899429,-39.48815752,85.79715181
0.53125000,43.22862625,-39.48815752,82.71678377
0.53125000,45.20559311,-39.48815752,84.69375062
0.53125000,42.38557816,-39.48815752,81.87373567
0.53125000,42.88434982,-39.48815752,82.37250734
0.53125000,43.46513748,-39.48815752,82.95329500
0.53125000,41.49675369,-39.48815752,80.98491121
0.53125000,42.19770432,-39.48815752,81.68586183
0.53125000,44.18706894,-39.48815752,83.67522646
0.53125000,44.01350021,-39.48815752,83.50165773
0.53125000,45.61567307,-39.48815752,85.10383058
0.53125000,43.85805130,-39.48815752,83.34620882
0.53125000,44.68393326,-39.48815752,84.17209077
0.53125000,43.44224930,-39.48815752,82.93040681
0.53125000,46.26893997,-39.48815752,85.75709749
0.53125000,40.76337814,-39.48815752,80.25153566
0.53125000,45.37725449,-39.48815752,84.86541200
0.53125000,41.95165634,-39.48815752,81.43981386
0.53125000,39.71242905,-39.48815752,79.20058656
0.53125000,41.13245010,-39.48815752,80.62060762
0.53125000,43.93243790,-39.48815752,83.42059541
0.53125000,39.16215897,-39.48815752,78.65031648
0.53125000,45.91321945,-39.48815752,85.40137697
0.53125000,41.96310043,-39.48815752,81.45125795
0.53125000,39.17455673,-39.48815752,78.66271425
0.53125000,41.27073288,-39.48815752,80.75889040
0.53125000,43.09320450,-39.48815752,82.58136201
0.53125000,40.11011124,-39.48815752,79.59826875
0.53125000,35.53819656,-39.48815752,75.02635408
0.53125000,39.14499283,-39.48815752,78.63315034
0.53125000,40.14825821,-39.48815752,79.63641573
0.53125000,45.33720016,-39.48815752,84.82535768
0.53125000,42.20819473,-39.48815752,81.69635225
0.53125000,44.76976395,-39.48815752,84.25792146
0.53125000,44.13366318,-39.48815752,83.62182069
0.53125000,37.88518906,-39.48815752,77.37334657
0.53125000,46.16308212,-39.48815752,85.65123964
0.53125000,41.41378403,-39.48815752,80.90194154
0.53125000,44.74592209,-39.48815752,84.23407960
0.53125000,39.12019730,-39.48815752,78.60835481
0.53125000,40.62700272,-39.48815752,80.11516023
0.53125000,41.52917862,-39.48815752,81.01733614
0.53125000,40.82727432,-39.48815752,80.31543184
0.53125000,43.05028915,-39.48815752,82.53844667
0.53125000,36.28873825,-39.48815752,75.77689577
0.53125000,41.37182236,-39.48815752,80.85997987
0.53125000,46.73528671,-39.48815752,86.22344423
0.53125000,42.49238968,-39.48815752,81.98054719
0.53125000,41.32795334,-39.48815752,80.81611085
0.53125000,41.36323929,-39.48815752,80.85139680
0.53125000,50.99058151,-39.48815752,90.47873903
0.53125000,47.88064957,-39.48815752,87.36880708
0.56250000,39.98804092,-43.61469676,83.60273768
0.56250000,36.89146042,-43.61469676,80.50615718
0.56250000,38.59186172,-43.61469676,82.20655848
0.56250000,35.88628769,-43.61469676,79.50098445
0.56250000,37.13560104,-43.61469676,80.75029780
0.56250000,32.34815598,-43.61469676,75.96285273
0.56250000,39.96038437,-43.61469676,83.57508113
0.56250000,39.69049454,-43.61469676,83.30519130
0.56250000,40.05861282,-43.61469676,83.67330958
0.56250000,37.52279282,-43.61469676,81.13748957
0.56250000,37.83369064,-43.61469676,81.44838740
0.56250000,39.30711746,-43.61469676,82.92181422
0.56250000,40.07959366,-43.61469676,83.69429042
0.56250000,37.00876236,-43.61469676,80.62345912
0.56250000,41.42904282,-43.61469676,85.04373957
0.56250000,34.97171402,-43.61469676,78.58641078
0.56250000,34.32321548,-43.61469676,77.93791224
0.56250000,34.56258774,-43.61469676,78.17728450
0.56250000,37.10889816,-43.61469676,80.72359492
0.56250000,39.92986679,-43.61469676,83.54456355
0.56250000,44.37685013,-43.61469676,87.99154689
0.56250000,37.97292709,-43.61469676,81.58762385
0.56250000,41.34321213,-43.61469676,84.95790889
0.56250000,37.06884384,-43.61469676,80.68354060
0.56250000,36.74650192,-43.61469676,80.36119868
0.56250000,33.24365616,-43.61469676,76.85835292
0.56250000,35.35413742,-43.61469676,78.96883418
0.56250000,34.47198868,-43.61469676,78.08668544
0.56250000,41.51582718,-43.61469676,85.13052394
0.56250000,39.98994827,-43.61469676,83.60464503
0.56250000,38.30003738,-43.61469676,81.91473414
0.56250000,37.77170181,-43.61469676,81.38639857
0.56250000,33.45918655,-43.61469676,77.07388331
0.56250000,39.79539871,-43.61469676,83.41009547
0.56250000,38.54990005,-43.61469676,82.16459681
0.56250000,37.67633438,-43.61469676,81.29103114
0.56250000,34.42430496,-43.61469676,78.03900172
0.56250000,39.45016861,-43.61469676,83.06486537
0.56250000,41.65124893,-43.61469676,85.26594569
0.56250000,36.77320480,-43.61469676,80.38790156
0.56250000,38.21611404,-43.61469676,81.83081080
0.56250000,33.88166428,-43.61469676,77.49636103
0.56250000,36.78083420,-43.61469676,80.39553096
0.56250000,41.69607162,-43.61469676,85.31076838
0.56250000,38.31148148,-43.61469676,81.92617823
0.56250000,33.71000290,-43.61469676,77.32469966
0.56250000,36.97824478,-43.61469676,80.59294154
0.56250000,36.51571274,-43.61469676,80.13040950
0.56250000,43.86186600,-43.61469676,87.47656276
0.56250000,37.66489029,-43.61469676,81.27958705
0.56250000,37.07647324,-43.61469676,80.69116999
0.56250000,34.99269485,-43.61469676,78.60739161
0.56250000,39.61420059,-43.61469676,83.22889735
0.56250000,41.38708115,-43.61469676,85.00177790
0.56250000,32.72294998,-43.61469676,76.33764674
0.56250000,38.36393356,-43.61469676,81.97863032
0.56250000,40.21024704,-43.61469676,83.82494380
0.56250000,35.16912460,-43.61469676,78.78382136
0.59375000,32.06253052,-47.74123600,79.80376652
0.59375000,37.36686707,-47.74123600,85.10810307
0.59375000,26.79920197,-47.74123600,74.54043797
0.59375000,26.12590790,-47.74123600,73.86714390
0.59375000,30.14564514,-47.74123600,77.88688114
0.59375000,34.09862518,-47.74123600,81.83986118
0.59375000,29.44850922,-47.74123600,77.18974522
0.59375000,27.32086182,-47.74123600,75.06209782
0.59375000,28.96404266,-47.74123600,76.70527866
0.59375000,31.67629242,-47.74123600,79.41752842
0.59375000,28.50151062,-47.74123600,76.24274662
0.59375000,30.73120117,-47.74123600,78.47243717
0.59375000,29.84523773,-47.74123600,77.58647373
0.59375000,30.61103821,-47.74123600,78.35227421
0.59375000,31.68582916,-47.74123600,79.42706516
0.59375000,35.84384918,-47.74123600,83.58508518
0.59375000,36.76128387,-47.74123600,84.50251988
0.59375000,33.17832947,-47.74123600,80.91956547
0.59375000,29.66594696,-47.74123600,77.40718296
0.59375000,31.21852875,-47.74123600,78.95976475
0.59375000,30.18474579,-47.74123600,77.92598179
0.59375000,28.47671509,-47.74123600,76.21795109
0.59375000,31.06975555,-47.74123600,78.81099156
0.59375000,33.59508514,-47.74123600,81.33632115
0.59375000,35.57300568,-47.74123600,83.31424168
0.59375000,31.23664856,-47.74123600,78.97788456
0.59375000,31.14604950,-47.74123600,78.88728550
0.59375000,32.10926056,-47.74123600,79.85049656
0.59375000,30.68161011,-47.74123600,78.42284611
0.59375000,32.48977661,-47.74123600,80.23101261
0.59375000,34.45529938,-47.74123600,82.19653538
0.59375000,29.25968170,-47.74123600,77.00091770
0.59375000,33.81919861,-47.74123600,81.56043461
0.59375000,32.93704987,-47.74123600,80.67828587
0.59375000,34.69467163,-47.74123600,82.43590763
0.59375000,31.38637543,-47.74123600,79.12761143
0.59375000,31.53896332,-47.74123600,79.28019932
0.59375000,32.50122070,-47.74123600,80.24245670
0.59375000,26.06868744,-47.74123600,73.80992344
0.59375000,35.29644012,-47.74123600,83.03767613
0.59375000,13.18645477,-47.74123600,60.92769077
0.59375000,10.19287109,-47.74123600,57.93410710
0.59375000,8.82816315,-47.74123600,56.56939915
0.59375000,30.90190887,-47.74123600,78.64314488
0.59375000,32.44018555,-47.74123600,80.18142155
0.59375000,26.21650696,-47.74123600,73.95774296
0.59375000,30.38215637,-47.74123600,78.12339237
0.59375000,30.51757812,-47.74123600,78.25881413
0.59375000,31.45980835,-47.74123600,79.20104435
0.59375000,33.11824799,-47.74123600,80.85948399
0.59375000,27.01473236,-47.74123600,74.75596836
0.59375000,28.96022797,-47.74123600,76.70146397
0.59375000,28.45859528,-47.74123600,76.19983128
0.59375000,31.64005280,-47.74123600,79.38128880
0.59375000,28.81145477,-47.74123600,76.55269077
0.59375000,33.60366821,-47.74123600,81.34490421
0.59375000,32.79876709,-47.74123600,80.54000309
0.59375000,34.07287598,-47.74123600,81.81411198
0.62500000,25.62236786,-51.86777524,77.49014310
0.62500000,26.26037598,-51.86777524,78.12815122
0.62500000,24.20234680,-51.86777524,76.07012205
0.62500000,21.28314972,-51.86777524,73.15092496
0.62500000,25.00438690,-51.86777524,76.87216215
0.62500000,22.24731445,-51.86777524,74.11508970
0.62500000,19.10877228,-51.86777524,70.97654752
0.62500000,23.62918854,-51.86777524,75.49696378
0.62500000,25.27713776,-51.86777524,77.14491300
0.62500000,24.64866638,-51.86777524,76.51644163
0.62500000,26.45683289,-51.86777524,78.32460813
0.62500000,23.03028107,-51.86777524,74.89805631
0.62500000,27.28176117,-51.86777524,79.14953641
0.62500000,25.29811859,-51.86777524,77.16589384
0.62500000,26.28803253,-51.86777524,78.15580778
0.62500000,25.11405945,-51.86777524,76.98183469
0.62500000,25.22182465,-51.86777524,77.08959989
0.62500000,19.47498322,-51.86777524,71.34275846
0.62500000,29.15287018,-51.86777524,81.02064542
0.62500000,19.44637299,-51.86777524,71.31414823
0.62500000,23.42414856,-51.86777524,75.29192380
0.62500000,22.83287048,-51.86777524,74.70064573
0.62500000,21.41284943,-51.86777524,73.28062467
0.62500000,26.44634247,-51.86777524,78.31411771
0.62500000,22.90058136,-51.86777524,74.76835660
0.62500000,22.35126495,-51.86777524,74.21904020
0.62500000,25.12454987,-51.86777524,76.99232511
0.62500000,24.34253693,-51.86777524,76.21031217
0.62500000,24.31774139,-51.86777524,76.18551664
0.62500000,24.07360077,-51.86777524,75.94137601
0.62500000,28.90300751,-51.86777524,80.77078275
0.62500000,22.81856537,-51.86777524,74.68634061
0.62500000,24.76978302,-51.86777524,76.63755826
0.62500000,24.15370941,-51.86777524,76.02148466
0.62500000,26.12304688,-51.86777524,77.99082212
0.62500000,23.20671082,-51.86777524,75.07448606
0.62500000,32.13882446,-51.86777524,84.00659971
0.62500000,21.92878723,-51.86777524,73.79656248
0.62500000,25.90560913,-51.86777524,77.77338438
0.62500000,22.70793915,-51.86777524,74.57571439
0.62500000,26.23748779,-51.86777524,78.10526304
0.62500000,23.16093445,-51.86777524,75.02870969
0.62500000,27.45056152,-51.86777524,79.31833677
0.62500000,27.13394165,-51.86777524,79.00171689
0.62500000,30.87329865,-51.86777524,82.74107389
0.62500000,26.81350708,-51.86777524,78.68128232
0.62500000,23.84662628,-51.86777524,75.71440153
0.62500000,29.17575836,-51.86777524,81.04353361
0.62500000,20.12538910,-51.86777524,71.99316434
0.62500000,25.39062500,-51.86777524,77.25840024
0.62500000,20.38860321,-51.86777524,72.25637845
0.62500000,22.47238159,-51.86777524,74.34015684
0.62500000,20.71571350,-51.86777524,72.58348875
0.62500000,24.97673035,-51.86777524,76.84450559
0.65625000,20.14827728,-55.99431449,76.14259177
0.65625000,17.67349243,-55.99431449,73.66780692
0.65625000,16.06369019,-55.99431449,72.05800467
0.65625000,19.74582672,-55.99431449,75.74014121
0.65625000,16.10660553,-55.99431449,72.10092002
0.65625000,19.58465576,-55.99431449,75.57897025
0.65625000,16.80088043,-55.99431449,72.79519492
0.65625000,17.19188690,-55.99431449,73.18620139
0.65625000,15.87677002,-55.99431449,71.87108451
0.65625000,19.49596405,-55.99431449,75.49027854
0.65625000,18.12934875,-55.99431449,74.12366324
0.65625000,17.65346527,-55.99431449,73.64777976
0.65625000,16.97349548,-55.99431449,72.96780997
0.65625000,14.99080658,-55.99431449,70.98512107
0.65625000,17.09556580,-55.99431449,73.08988028
0.65625000,16.03126526,-55.99431449,72.02557975
0.65625000,16.39080048,-55.99431449,72.38511496
0.65625000,15.65265656,-55.99431449,71.64697104
0.65625000,15.11955261,-55.99431449,71.11386710
0.65625000,11.89613342,-55.99431449,67.89044791
0.65625000,18.86653900,-55.99431449,74.86085349
0.65625000,16.86763763,-55.99431449,72.86195212
0.65625000,16.11614227,-55.99431449,72.11045676
0.65625000,16.48426056,-55.99431449,72.47857505
0.65625000,14.74285126,-55.99431449,70.73716574
0.65625000,16.78943634,-55.99431449,72.78375083
0.65625000,15.22636414,-55.99431449,71.22067862
0.65625000,15.46478271,-55.99431449,71.45909720
0.65625000,19.69337463,-55.99431449,75.68768912
0.65625000,14.67132568,-55.99431449,70.66564017
0.65625000,18.69678497,-55.99431449,74.69109946
0.65625000,17.02976227,-55.99431449,73.02407676
0.65625000,16.75510406,-55.99431449,72.74941855
0.65625000,15.57064056,-55.99431449,71.56495505
0.65625000,14.95456696,-55.99431449,70.94888144
0.65625000,17.04597473,-55.99431449,73.04028922
0.65625000,9.11426544,-55.99431449,65.10857993
0.65625000,23.20194244,-55.99431449,79.19625693
0.65625000,17.06790924,-55.99431449,73.06222373
0.65625000,18.31340790,-55.99431449,74.30772238
0.65625000,17.59529114,-55.99431449,73.58960562
0.65625000,17.49992371,-55.99431449,73.49423819
0.65625000,18.53466034,-55.99431449,74.52897483
0.65625000,17.10510254,-55.99431449,73.09941703
0.65625000,18.42021942,-55.99431449,74.41453391
0.65625000,19.61135864,-55.99431449,75.60567313
0.65625000,19.46258545,-55.99431449,75.45689994
0.65625000,17.11273193,-55.99431449,73.10704642
0.65625000,13.97418976,-55.99431449,69.96850425
0.65625000,12.63046265,-55.99431449,68.62477713
0.65625000,15.41996002,-55.99431449,71.41427451
0.68750000,6.72006607,-60.12085373,66.84091980
0.68750000,8.97836685,-60.12085373,69.09922058
0.68750000,9.35125351,-60.12085373,69.47210724
0.68750000,11.13843918,-60.12085373,71.25929291
0.68750000,8.31747055,-60.12085373,68.43832428
0.68750000,9.08899307,-60.12085373,69.20984680
0.68750000,11.34538651,-60.12085373,71.46624023
0.68750000,11.73830032,-60.12085373,71.85915405
0.68750000,8.81814957,-60.12085373,68.93900330
0.68750000,10.87903976,-60.12085373,70.99989349
0.68750000,11.66963577,-60.12085373,71.79048950
0.68750000,11.92235947,-60.12085373,72.04321320
0.68750000,6.88505173,-60.12085373,67.00590546
0.68750000,13.10873032,-60.12085373,73.22958405
0.68750000,6.95180893,-60.12085373,67.07266266
0.68750000,6.89554214,-60.12085373,67.01639587
0.68750000,11.15465164,-60.12085373,71.27550537
0.68750000,11.73448563,-60.12085373,71.85533936
0.68750000,6.64567947,-60.12085373,66.76653320
0.68750000,10.93721390,-60.12085373,71.05806763
0.68750000,9.44948196,-60.12085373,69.57033569
0.68750000,13.68093491,-60.12085373,73.80178864
0.68750000,9.08041000,-60.12085373,69.20126373
0.68750000,7.95984268,-60.12085373,68.08069641
0.68750000,10.86568832,-60.12085373,70.98654205
0.68750000,9.96923447,-60.12085373,70.09008820
0.68750000,12.62617111,-60.12085373,72.74702484
0.68750000,8.92019272,-60.12085373,69.04104645
0.68750000,7.26938248,-60.12085373,67.39023621
0.68750000,12.59374619,-60.12085373,72.71459992
0.68750000,13.01527023,-60.12085373,73.13612396
0.68750000,12.75682449,-60.12085373,72.87767822
0.68750000,7.74049759,-60.12085373,67.86135132
0.68750000,9.77373123,-60.12085373,69.89458496
0.68750000,8.65602493,-60.12085373,68.77687866
0.68750000,7.94076920,-60.12085373,68.06162293
0.68750000,8.31556320,-60.12085373,68.43641693
0.68750000,11.80410385,-60.12085373,71.92495758
0.68750000,12.70914078,-60.12085373,72.82999451
0.68750000,7.15303421,-60.12085373,67.27388794
0.68750000,10.04266739,-60.12085373,70.16352112
0.68750000,14.13869858,-60.12085373,74.25955231
0.68750000,8.54825974,-60.12085373,68.66911346
0.68750000,13.80681992,-60.12085373,73.92767365
0.68750000,3.91721725,-60.12085373,64.03807098
0.68750000,7.24649429,-60.12085373,67.36734802
0.68750000,7.38000870,-60.12085373,67.50086243
0.68750000,10.77890396,-60.12085373,70.89975769
0.68750000,8.85725021,-60.12085373,68.97810394
0.68750000,5.69391251,-60.12085373,65.81476624
0.68750000,11.91186905,-60.12085373,72.03272278
0.68750000,10.61296463,-60.12085373,70.73381836
0.68750000,9.77373123,-60.12085373,69.89458496
0.68750000,12.22848892,-60.12085373,72.34934265
0.68750000,6.70289993,-60.12085373,66.82375366
0.68750000,8.08477402,-60.12085373,68.20562775
0.68750000,10.41555405,-60.12085373,70.53640778
0.68750000,7.97319412,-60.12085373,68.09404785
0.68750000,6.44350052,-60.12085373,66.56435425
0.06250000,21.46404982,22.40993113,-0.94588131
0.06250000,22.04674482,22.40993113,-0.36318630
0.06250000,22.40246534,22.40993113,-0.00746578
0.06250000,22.10873365,22.40993113,-0.30119747
0.06250000,22.33475447,22.40993113,-0.07517666
0.06250000,21.50410414,22.40993113,-0.90582699
0.06250000,22.71622419,22.40993113,0.30629307
0.06250000,21.12835646,22.40993113,-1.28157467
0.06250000,22.15641737,22.40993113,-0.25351376
0.06250000,22.52930403,22.40993113,0.11937290
0.06250000,22.64851332,22.40993113,0.23858219
0.06250000,22.15260267,22.40993113,-0.25732845
0.06250000,23.22834730,22.40993113,0.81841618
0.06250000,23.46676588,22.40993113,1.05683475
0.06250000,21.82263136,22.40993113,-0.58729977
0.06250000,22.60464430,22.40993113,0.19471317
0.06250000,23.01281691,22.40993113,0.60288578
0.06250000,20.70683241,22.40993113,-1.70309872
0.06250000,21.83026075,22.40993113,-0.57967037
0.06250000,22.73243666,22.40993113,0.32250553
0.06250000,21.93230391,22.40993113,-0.47762722
0.06250000,20.58094740,22.40993113,-1.82898373
0.06250000,22.38816023,22.40993113,-0.02177090
0.06250000,22.24892378,22.40993113,-0.16100735
0.06250000,22.01527357,22.40993113,-0.39465755
0.06250000,20.24430037,22.40993113,-2.16563076
0.06250000,23.03761244,22.40993113,0.62768131
0.06250000,21.56895399,22.40993113,-0.84097713
0.06250000,21.98666334,22.40993113,-0.42326778
0.06250000,21.84170485,22.40993113,-0.56822628
0.06250000,22.43870497,22.40993113,0.02877384
0.06250000,21.04824781,22.40993113,-1.36168331
0.06250000,21.47644758,22.40993113,-0.93348354
0.06250000,23.48202467,22.40993113,1.07209354
0.06250000,21.62617445,22.40993113,-0.78375668
0.06250000,23.60123396,22.40993113,1.19130283
0.06250000,20.37686110,22.40993113,-2.03307003
0.06250000,22.35764265,22.40993113,-0.05228848
0.06250000,21.98284864,22.40993113,-0.42708248
0.06250000,22.02099562,22.40993113,-0.38893551
0.06250000,22.91172743,22.40993113,0.50179630
0.06250000,20.39593458,22.40993113,-2.01399654
0.06250000,19.98013258,22.40993113,-2.42979855
0.06250000,21.77685499,22.40993113,-0.63307613
0.06250000,20.83939314,22.40993113,-1.57053799
0.06250000,21.57467604,22.40993113,-0.83525509
0.06250000,21.84265852,22.40993113,-0.56727261
0.06250000,21.79878950,22.40993113,-0.61114162
0.06250000,22.29946852,22.40993113,-0.11046261
0.06250000,21.81977034,22.40993113,-0.59016079
0.71875000,0.68998337,-64.24739297,64.93737634
0.71875000,3.00550461,-64.24739297,67.25289758
0.71875000,2.71368027,-64.24739297,66.96107324
0.71875000,3.10564041,-64.24739297,67.35303338
0.71875000,2.11191177,-64.24739297,66.35930475
0.71875000,4.65536118,-64.24739297,68.90275415
0.71875000,-2.88820267,-64.24739297,61.35919031
0.71875000,3.10850143,-64.24739297,67.35589441
0.71875000,2.27975845,-64.24739297,66.52715143
0.71875000,-1.04379654,-64.24739297,63.20359643
0.71875000,4.59527969,-64.24739297,68.84267267
0.71875000,-1.77145004,-64.24739297,62.47594293
0.71875000,1.01995468,-64.24739297,65.26734765
0.71875000,2.57730484,-64.24739297,66.82469781
0.71875000,-1.60551071,-64.24739297,62.64188226
0.71875000,-2.14242935,-64.24739297,62.10496362
0.71875000,1.84392929,-64.24739297,66.09132226
0.71875000,0.68616867,-64.24739297,64.93356164
0.71875000,-3.82280350,-64.24739297,60.42458948
0.71875000,-0.07772446,-64.24739297,64.16966852
0.71875000,2.49624252,-64.24739297,66.74363550
0.71875000,6.06966019,-64.24739297,70.31705316
0.71875000,4.13465500,-64.24739297,68.38204797
0.71875000,-5.38873672,-64.24739297,58.85865625
0.71875000,2.02989578,-64.24739297,66.27728875
0.71875000,-1.23167038,-64.24739297,63.01572259
0.71875000,0.09012222,-64.24739297,64.33751520
0.71875000,-0.67186356,-64.24739297,63.57552942
0.71875000,-2.40278244,-64.24739297,61.84461053
0.71875000,0.15974045,-64.24739297,64.40713342
0.71875000,0.38576126,-64.24739297,64.63315423
0.71875000,-2.03847885,-64.24739297,62.20891412
0.71875000,-0.94556808,-64.24739297,63.30182489
0.71875000,2.84814835,-64.24739297,67.09554132
0.71875000,2.04896927,-64.24739297,66.29636224
0.71875000,0.72908401,-64.24739297,64.97647699
0.71875000,-1.60360336,-64.24739297,62.64378961
0.71875000,2.12717056,-64.24739297,66.37456354
0.71875000,2.93111801,-64.24739297,67.17851098
0.71875000,3.81326675,-64.24739297,68.06065973
0.71875000,0.73671341,-64.24739297,64.98410638
0.71875000,-0.41532516,-64.24739297,63.83206781
0.71875000,-0.93984604,-64.24739297,63.30754693
0.71875000,-3.40509415,-64.24739297,60.84229883
0.71875000,1.48057938,-64.24739297,65.72797235
0.71875000,0.27608871,-64.24739297,64.52348169
0.71875000,1.67894363,-64.24739297,65.92633661
0.71875000,0.72050095,-64.24739297,64.96789392
0.71875000,-4.38928604,-64.24739297,59.85810693
0.71875000,2.48765945,-64.24739297,66.73505243
0.71875000,6.25944138,-64.24739297,70.50683435
0.71875000,5.17416000,-64.24739297,69.42155298
0.71875000,2.18725204,-64.24739297,66.43464502
0.71875000,1.66177750,-64.24739297,65.90917047
0.71875000,-0.64134598,-64.24739297,63.60604699
0.71875000,-5.90658188,-64.24739297,58.34081109
0.71875000,-0.05006790,-64.24739297,64.19732507
0.71875000,5.79690933,-64.24739297,70.04430230
0.71875000,1.37567520,-64.24739297,65.62306817
0.75000000,-10.29491425,-68.37393222,58.07901797
0.75000000,-7.17353821,-68.37393222,61.20039401
0.75000000,-8.15105438,-68.37393222,60.22287783
0.75000000,-7.83061981,-68.37393222,60.54331240
0.75000000,-5.70774078,-68.37393222,62.66619143
0.75000000,-8.77761841,-68.37393222,59.59631381
0.75000000,-9.64641571,-68.37393222,58.72751650
0.75000000,-7.08675385,-68.37393222,61.28717837
0.75000000,-5.08499146,-68.37393222,63.28894076
0.75000000,-10.64586639,-68.37393222,57.72806582
0.75000000,-6.71482086,-68.37393222,61.65911135
0.75000000,-11.49082184,-68.37393222,56.88311038
0.75000000,-10.68592072,-68.37393222,57.68801150
0.75000000,-15.76519012,-68.37393222,52.60874209
0.75000000,-8.87107849,-68.37393222,59.50285372
0.75000000,-8.47816467,-68.37393222,59.89576754
0.75000000,-2.97641754,-68.37393222,65.39751467
0.75000000,-7.06958771,-68.37393222,61.30434451
0.75000000,-7.97462463,-68.37393222,60.39930758
0.75000000,-6.51741028,-68.37393222,61.85652194
0.75000000,-7.01999664,-68.37393222,61.35393557
0.75000000,-8.35037231,-68.37393222,60.02355990
0.75000000,-12.44068146,-68.37393222,55.93325076
0.75000000,-6.88838959,-68.37393222,61.48554263
0.75000000,-9.59777832,-68.37393222,58.77615389
0.75000000,-8.56399536,-68.37393222,59.80993685
0.75000000,-7.86399841,-68.37393222,60.50993380
0.75000000,-11.11602783,-68.37393222,57.25790438
0.75000000,-4.60147858,-68.37393222,63.77245364
0.75000000,-8.54110718,-68.37393222,59.83282504
0.75000000,-5.65433502,-68.37393222,62.71959719
0.75000000,-12.39490509,-68.37393222,55.97902712
0.75000000,-11.73782349,-68.37393222,56.63610873
0.75000000,-3.84902954,-68.37393222,64.52490267
0.75000000,-7.01713562,-68.37393222,61.35679660
0.75000000,-5.59139252,-68.37393222,62.78253970
0.75000000,-7.96413422,-68.37393222,60.40979800
0.75000000,-11.62528992,-68.37393222,56.74864230
0.75000000,-8.18729401,-68.37393222,60.18663821
0.75000000,-8.66794586,-68.37393222,59.70598635
0.75000000,-7.76386261,-68.37393222,60.61006961
0.75000000,-10.15758514,-68.37393222,58.21634707
0.75000000,-9.55390930,-68.37393222,58.82002291
0.75000000,-5.04589081,-68.37393222,63.32804141
0.75000000,-11.60526276,-68.37393222,56.76866946
0.75000000,-10.79463959,-68.37393222,57.57929263
0.75000000,-6.98852539,-68.37393222,61.38540682
0.75000000,-6.96563721,-68.37393222,61.40829501
0.75000000,-11.03115082,-68.37393222,57.34278140
0.75000000,-12.56084442,-68.37393222,55.81308779
